scenario,loss_percent,scheme,seed,completed,bytes_delivered,sha256,goodput_mbps,completion_time_s,sender_completion_time_s,retransmissions,data_transmissions,parity_packets,ack_packets,parity_overhead_ratio,total_forward_overhead_ratio,mean_delay_ms,p95_delay_ms,original_data_losses,fec_recovered,fec_recovery_ratio
sweep,0,gbn,0,True,131072,bba8b065457a853a2a47600d22cafa61c76cd3ef6fc5ee49671b7e9a11408626,2.5586607010393,0.4098143999999999,0.4598911999999999,0,128,0,128,0.0,0.0390625,51.70240000000007,51.70240000000001,0,0,0.0
sweep,0,gbn,1,True,131072,bba8b065457a853a2a47600d22cafa61c76cd3ef6fc5ee49671b7e9a11408626,2.5586607010393,0.4098143999999999,0.4598911999999999,0,128,0,128,0.0,0.0390625,51.70240000000007,51.70240000000001,0,0,0.0
sweep,0,gbn,2,True,131072,bba8b065457a853a2a47600d22cafa61c76cd3ef6fc5ee49671b7e9a11408626,2.5586607010393,0.4098143999999999,0.4598911999999999,0,128,0,128,0.0,0.0390625,51.70240000000007,51.70240000000001,0,0,0.0
sweep,0,gbn,3,True,131072,bba8b065457a853a2a47600d22cafa61c76cd3ef6fc5ee49671b7e9a11408626,2.5586607010393,0.4098143999999999,0.4598911999999999,0,128,0,128,0.0,0.0390625,51.70240000000007,51.70240000000001,0,0,0.0
sweep,0,gbn,4,True,131072,bba8b065457a853a2a47600d22cafa61c76cd3ef6fc5ee49671b7e9a11408626,2.5586607010393,0.4098143999999999,0.4598911999999999,0,128,0,128,0.0,0.0390625,51.70240000000007,51.70240000000001,0,0,0.0
sweep,0,sr,0,True,131072,bba8b065457a853a2a47600d22cafa61c76cd3ef6fc5ee49671b7e9a11408626,2.5586607010393,0.4098143999999999,0.4598911999999999,0,128,0,128,0.0,0.0390625,51.70240000000007,51.70240000000001,0,0,0.0
sweep,0,sr,1,True,131072,bba8b065457a853a2a47600d22cafa61c76cd3ef6fc5ee49671b7e9a11408626,2.5586607010393,0.4098143999999999,0.4598911999999999,0,128,0,128,0.0,0.0390625,51.70240000000007,51.70240000000001,0,0,0.0
sweep,0,sr,2,True,131072,bba8b065457a853a2a47600d22cafa61c76cd3ef6fc5ee49671b7e9a11408626,2.5586607010393,0.4098143999999999,0.4598911999999999,0,128,0,128,0.0,0.0390625,51.70240000000007,51.70240000000001,0,0,0.0
sweep,0,sr,3,True,131072,bba8b065457a853a2a47600d22cafa61c76cd3ef6fc5ee49671b7e9a11408626,2.5586607010393,0.4098143999999999,0.4598911999999999,0,128,0,128,0.0,0.0390625,51.70240000000007,51.70240000000001,0,0,0.0
sweep,0,sr,4,True,131072,bba8b065457a853a2a47600d22cafa61c76cd3ef6fc5ee49671b7e9a11408626,2.5586607010393,0.4098143999999999,0.4598911999999999,0,128,0,128,0.0,0.0390625,51.70240000000007,51.70240000000001,0,0,0.0
sweep,0,fixed,0,True,131072,bba8b065457a853a2a47600d22cafa61c76cd3ef6fc5ee49671b7e9a11408626,2.3266943586466446,0.45067199999999974,0.5007487999999998,0,128,16,128,0.125,0.1689453125,51.70240000000007,51.70240000000001,0,0,0.0
sweep,0,fixed,1,True,131072,bba8b065457a853a2a47600d22cafa61c76cd3ef6fc5ee49671b7e9a11408626,2.3266943586466446,0.45067199999999974,0.5007487999999998,0,128,16,128,0.125,0.1689453125,51.70240000000007,51.70240000000001,0,0,0.0
sweep,0,fixed,2,True,131072,bba8b065457a853a2a47600d22cafa61c76cd3ef6fc5ee49671b7e9a11408626,2.3266943586466446,0.45067199999999974,0.5007487999999998,0,128,16,128,0.125,0.1689453125,51.70240000000007,51.70240000000001,0,0,0.0
sweep,0,fixed,3,True,131072,bba8b065457a853a2a47600d22cafa61c76cd3ef6fc5ee49671b7e9a11408626,2.3266943586466446,0.45067199999999974,0.5007487999999998,0,128,16,128,0.125,0.1689453125,51.70240000000007,51.70240000000001,0,0,0.0
sweep,0,fixed,4,True,131072,bba8b065457a853a2a47600d22cafa61c76cd3ef6fc5ee49671b7e9a11408626,2.3266943586466446,0.45067199999999974,0.5007487999999998,0,128,16,128,0.125,0.1689453125,51.70240000000007,51.70240000000001,0,0,0.0
sweep,0,adaptive,0,True,131072,bba8b065457a853a2a47600d22cafa61c76cd3ef6fc5ee49671b7e9a11408626,2.5586607010393,0.4098143999999999,0.4598911999999999,0,128,0,226,0.0,0.0390625,51.70240000000007,51.70240000000001,0,0,0.0
sweep,0,adaptive,1,True,131072,bba8b065457a853a2a47600d22cafa61c76cd3ef6fc5ee49671b7e9a11408626,2.5586607010393,0.4098143999999999,0.4598911999999999,0,128,0,226,0.0,0.0390625,51.70240000000007,51.70240000000001,0,0,0.0
sweep,0,adaptive,2,True,131072,bba8b065457a853a2a47600d22cafa61c76cd3ef6fc5ee49671b7e9a11408626,2.5586607010393,0.4098143999999999,0.4598911999999999,0,128,0,226,0.0,0.0390625,51.70240000000007,51.70240000000001,0,0,0.0
sweep,0,adaptive,3,True,131072,bba8b065457a853a2a47600d22cafa61c76cd3ef6fc5ee49671b7e9a11408626,2.5586607010393,0.4098143999999999,0.4598911999999999,0,128,0,226,0.0,0.0390625,51.70240000000007,51.70240000000001,0,0,0.0
sweep,0,adaptive,4,True,131072,bba8b065457a853a2a47600d22cafa61c76cd3ef6fc5ee49671b7e9a11408626,2.5586607010393,0.4098143999999999,0.4598911999999999,0,128,0,226,0.0,0.0390625,51.70240000000007,51.70240000000001,0,0,0.0
sweep,2,gbn,0,True,131072,bba8b065457a853a2a47600d22cafa61c76cd3ef6fc5ee49671b7e9a11408626,1.752791559127563,0.5982319999999999,0.6483087999999999,32,160,0,158,0.0,0.298828125,98.06770000000002,240.11999999999995,2,0,0.0
sweep,2,gbn,1,True,131072,bba8b065457a853a2a47600d22cafa61c76cd3ef6fc5ee49671b7e9a11408626,0.9394306880309157,1.1161824000000014,1.1662592000000014,128,256,0,249,0.0,1.078125,221.6424999999999,569.6528000000001,3,0,0.0
sweep,2,gbn,2,True,131072,bba8b065457a853a2a47600d22cafa61c76cd3ef6fc5ee49671b7e9a11408626,2.5586607010393,0.4098143999999999,0.4598911999999999,0,128,0,128,0.0,0.0390625,51.70240000000007,51.70240000000001,0,0,0.0
sweep,2,gbn,3,True,131072,bba8b065457a853a2a47600d22cafa61c76cd3ef6fc5ee49671b7e9a11408626,1.075388445022046,0.9750671999999999,1.0251439999999998,73,201,0,198,0.0,0.63165283203125,153.24651250000008,240.12000000000012,3,0,0.0
sweep,2,gbn,4,True,131072,bba8b065457a853a2a47600d22cafa61c76cd3ef6fc5ee49671b7e9a11408626,1.7527915591275627,0.598232,0.6483088,32,160,0,158,0.0,0.298828125,93.26355000000017,240.12,2,0,0.0
sweep,2,sr,0,True,131072,bba8b065457a853a2a47600d22cafa61c76cd3ef6fc5ee49671b7e9a11408626,1.752791559127563,0.5982319999999999,0.6483087999999999,2,130,0,128,0.0,0.0552978515625,54.646425000000065,51.70240000000004,2,0,0.0
sweep,2,sr,1,True,131072,bba8b065457a853a2a47600d22cafa61c76cd3ef6fc5ee49671b7e9a11408626,1.084858888555977,0.9665552000000001,1.016632,4,132,0,128,0.0,0.071533203125,57.59045000000006,51.70240000000004,4,0,0.0
sweep,2,sr,2,True,131072,bba8b065457a853a2a47600d22cafa61c76cd3ef6fc5ee49671b7e9a11408626,2.5586607010393,0.4098143999999999,0.4598911999999999,0,128,0,128,0.0,0.0390625,51.70240000000007,51.70240000000001,0,0,0.0
sweep,2,sr,3,True,131072,bba8b065457a853a2a47600d22cafa61c76cd3ef6fc5ee49671b7e9a11408626,1.3807750004213795,0.7594111999999998,0.8094879999999999,2,130,0,128,0.0,0.0552978515625,54.646425000000065,51.70240000000004,2,0,0.0
sweep,2,sr,4,True,131072,bba8b065457a853a2a47600d22cafa61c76cd3ef6fc5ee49671b7e9a11408626,1.7527915591275627,0.598232,0.6483088,2,130,0,128,0.0,0.0552978515625,54.646425000000065,51.70240000000004,2,0,0.0
sweep,2,fixed,0,True,131072,bba8b065457a853a2a47600d22cafa61c76cd3ef6fc5ee49671b7e9a11408626,2.3179384156132627,0.4523743999999998,0.5024511999999998,0,128,16,128,0.125,0.1689453125,51.78220000000007,51.70240000000001,2,2,1.0
sweep,2,fixed,1,True,131072,bba8b065457a853a2a47600d22cafa61c76cd3ef6fc5ee49671b7e9a11408626,1.723366265294692,0.6084463999999998,0.6585231999999999,2,130,16,128,0.125,0.1851806640625,54.80602500000006,51.70240000000001,4,2,0.5
sweep,2,fixed,2,True,131072,bba8b065457a853a2a47600d22cafa61c76cd3ef6fc5ee49671b7e9a11408626,2.3266943586466446,0.45067199999999974,0.5007487999999998,0,128,16,128,0.125,0.1689453125,51.70240000000007,51.70240000000001,0,0,0.0
sweep,2,fixed,3,True,131072,bba8b065457a853a2a47600d22cafa61c76cd3ef6fc5ee49671b7e9a11408626,2.317938415613263,0.4523743999999997,0.5024511999999997,0,128,16,128,0.125,0.1689453125,51.79550000000006,51.70240000000001,2,2,1.0
sweep,2,fixed,4,True,131072,bba8b065457a853a2a47600d22cafa61c76cd3ef6fc5ee49671b7e9a11408626,2.317938415613263,0.4523743999999997,0.5024511999999997,0,128,16,128,0.125,0.1689453125,51.768900000000066,51.70240000000001,2,2,1.0
sweep,2,adaptive,0,True,131072,bba8b065457a853a2a47600d22cafa61c76cd3ef6fc5ee49671b7e9a11408626,1.752791559127563,0.5982319999999999,0.6483087999999999,2,130,0,197,0.0,0.0552978515625,54.646425000000065,51.70240000000004,2,0,0.0
sweep,2,adaptive,1,True,131072,bba8b065457a853a2a47600d22cafa61c76cd3ef6fc5ee49671b7e9a11408626,1.084858888555977,0.9665552000000001,1.016632,4,132,0,190,0.0,0.071533203125,57.59045000000006,51.70240000000004,4,0,0.0
sweep,2,adaptive,2,True,131072,bba8b065457a853a2a47600d22cafa61c76cd3ef6fc5ee49671b7e9a11408626,2.5586607010393,0.4098143999999999,0.4598911999999999,0,128,0,226,0.0,0.0390625,51.70240000000007,51.70240000000001,0,0,0.0
sweep,2,adaptive,3,True,131072,bba8b065457a853a2a47600d22cafa61c76cd3ef6fc5ee49671b7e9a11408626,1.610699986974015,0.6510063999999997,0.7010831999999997,1,129,6,141,0.046875,0.09588623046875,53.30741250000006,51.70240000000004,2,1,0.5
sweep,2,adaptive,4,True,131072,bba8b065457a853a2a47600d22cafa61c76cd3ef6fc5ee49671b7e9a11408626,1.6764598292740955,0.6254703999999999,0.6755471999999999,2,130,2,211,0.015625,0.071533203125,54.646425000000065,51.70240000000004,2,0,0.0
sweep,4,gbn,0,True,131072,bba8b065457a853a2a47600d22cafa61c76cd3ef6fc5ee49671b7e9a11408626,1.1302174861559744,0.9277647999999996,0.9778415999999996,88,216,0,207,0.0,0.75341796875,169.41389999999984,381.2351999999998,8,0,0.0
sweep,4,gbn,1,True,131072,bba8b065457a853a2a47600d22cafa61c76cd3ef6fc5ee49671b7e9a11408626,0.48723766813476155,2.1520832000000087,2.2021600000000086,278,406,0,380,0.0,2.2957763671875,425.4450750000012,758.0704000000006,9,0,0.0
sweep,4,gbn,2,True,131072,bba8b065457a853a2a47600d22cafa61c76cd3ef6fc5ee49671b7e9a11408626,0.8339918886347983,1.257297600000001,1.307374400000001,128,256,0,241,0.0,1.078125,216.46879999999993,381.2352000000004,10,0,0.0
sweep,4,gbn,3,True,131072,bba8b065457a853a2a47600d22cafa61c76cd3ef6fc5ee49671b7e9a11408626,0.8339918886347975,1.2572976000000022,1.3073744000000023,152,280,0,269,0.0,1.27294921875,251.7971000000001,428.53760000000017,6,0,0.0
sweep,4,gbn,4,True,131072,bba8b065457a853a2a47600d22cafa61c76cd3ef6fc5ee49671b7e9a11408626,0.9394306880309155,1.1161824000000016,1.1662592000000016,95,223,0,214,0.0,0.81024169921875,179.71798749999996,569.6528000000002,2,0,0.0
sweep,4,sr,0,True,131072,bba8b065457a853a2a47600d22cafa61c76cd3ef6fc5ee49671b7e9a11408626,1.0867730290050461,0.9648528,1.0149295999999999,6,134,0,128,0.0,0.0877685546875,60.53447500000006,51.70240000000004,5,0,0.0
sweep,4,sr,1,True,131072,bba8b065457a853a2a47600d22cafa61c76cd3ef6fc5ee49671b7e9a11408626,0.788538659883745,1.3297712000000006,1.3798480000000006,13,141,0,128,0.0,0.14459228515625,70.83856250000005,240.12000000000003,11,0,0.0
sweep,4,sr,2,True,131072,bba8b065457a853a2a47600d22cafa61c76cd3ef6fc5ee49671b7e9a11408626,1.3534679311370321,0.7747327999999999,0.8248095999999999,8,136,0,128,0.0,0.10400390625,63.478500000000054,240.12000000000003,8,0,0.0
sweep,4,sr,3,True,131072,bba8b065457a853a2a47600d22cafa61c76cd3ef6fc5ee49671b7e9a11408626,1.088693936066475,0.9631504000000001,1.0132272,6,134,0,128,0.0,0.0877685546875,60.53447500000006,51.70240000000004,6,0,0.0
sweep,4,sr,4,True,131072,bba8b065457a853a2a47600d22cafa61c76cd3ef6fc5ee49671b7e9a11408626,1.3387589678220653,0.7832448,0.8333216,4,132,0,128,0.0,0.071533203125,57.59045000000006,51.70240000000004,4,0,0.0
sweep,4,fixed,0,True,131072,bba8b065457a853a2a47600d22cafa61c76cd3ef6fc5ee49671b7e9a11408626,1.7233662652946917,0.6084463999999999,0.6585232,2,130,16,128,0.125,0.1851806640625,54.792725000000054,51.702400000000026,6,4,0.6666666666666666
sweep,4,fixed,1,True,131072,bba8b065457a853a2a47600d22cafa61c76cd3ef6fc5ee49671b7e9a11408626,1.4182457173030483,0.7393471999999998,0.7894239999999998,5,133,16,127,0.125,0.20953369140625,59.488062500000055,63.619199999999985,11,6,0.5454545454545454
sweep,4,fixed,2,True,131072,bba8b065457a853a2a47600d22cafa61c76cd3ef6fc5ee49671b7e9a11408626,1.2910546554876128,0.8121856,0.8622624,4,132,16,128,0.125,0.201416015625,57.723450000000064,53.40480000000003,8,4,0.5
sweep,4,fixed,3,True,131072,bba8b065457a853a2a47600d22cafa61c76cd3ef6fc5ee49671b7e9a11408626,1.7780912975649463,0.5897199999999999,0.6397967999999999,2,130,16,128,0.125,0.1851806640625,54.75282500000006,51.702400000000026,6,4,0.6666666666666666
sweep,4,fixed,4,True,131072,bba8b065457a853a2a47600d22cafa61c76cd3ef6fc5ee49671b7e9a11408626,2.317938415613263,0.4523743999999997,0.5024511999999997,0,128,16,128,0.125,0.1689453125,51.91520000000006,51.70240000000001,4,4,1.0
sweep,4,adaptive,0,True,131072,bba8b065457a853a2a47600d22cafa61c76cd3ef6fc5ee49671b7e9a11408626,1.0867730290050461,0.9648528,1.0149295999999999,6,134,0,197,0.0,0.0877685546875,60.53447500000006,51.70240000000004,5,0,0.0
sweep,4,adaptive,1,True,131072,bba8b065457a853a2a47600d22cafa61c76cd3ef6fc5ee49671b7e9a11408626,1.327219999027915,0.7900543999999999,0.8401312,8,136,55,159,0.4296875,0.55047607421875,63.73120000000005,240.12,12,4,0.3333333333333333
sweep,4,adaptive,2,True,131072,bba8b065457a853a2a47600d22cafa61c76cd3ef6fc5ee49671b7e9a11408626,1.3534679311370321,0.7747327999999999,0.8248095999999999,8,136,0,198,0.0,0.10400390625,63.478500000000054,240.12000000000003,8,0,0.0
sweep,4,adaptive,3,True,131072,bba8b065457a853a2a47600d22cafa61c76cd3ef6fc5ee49671b7e9a11408626,1.3047286858744647,0.8036735999999999,0.8537503999999999,4,132,8,143,0.0625,0.136474609375,57.63035000000006,51.70240000000004,6,2,0.3333333333333333
sweep,4,adaptive,4,True,131072,bba8b065457a853a2a47600d22cafa61c76cd3ef6fc5ee49671b7e9a11408626,1.3130730268641406,0.7985664,0.8486432,4,132,2,211,0.015625,0.0877685546875,57.51065000000006,51.70240000000004,4,0,0.0
sweep,6,gbn,0,True,131072,bba8b065457a853a2a47600d22cafa61c76cd3ef6fc5ee49671b7e9a11408626,0.6236196316099467,1.6814352000000046,1.7315120000000046,185,313,0,292,0.0,1.54083251953125,312.19911250000087,805.3728000000013,9,0,0.0
sweep,6,gbn,1,True,131072,bba8b065457a853a2a47600d22cafa61c76cd3ef6fc5ee49671b7e9a11408626,0.41463417720397616,2.52891840000001,2.57899520000001,349,477,0,442,0.0,2.87213134765625,529.9579625000015,1134.9056000000016,9,0,0.0
sweep,6,gbn,2,True,131072,bba8b065457a853a2a47600d22cafa61c76cd3ef6fc5ee49671b7e9a11408626,0.8037528744442727,1.3046000000000022,1.3546768000000022,160,288,0,268,0.0,1.337890625,271.3337500000004,758.0704000000005,14,0,0.0
sweep,6,gbn,3,True,131072,bba8b065457a853a2a47600d22cafa61c76cd3ef6fc5ee49671b7e9a11408626,0.8037528744442716,1.3046000000000042,1.3546768000000042,152,280,0,263,0.0,1.27294921875,263.6227000000007,428.53760000000204,10,0,0.0
sweep,6,gbn,4,True,131072,bba8b065457a853a2a47600d22cafa61c76cd3ef6fc5ee49671b7e9a11408626,0.37928142790753305,2.7646384000000066,2.8147152000000064,389,517,0,485,0.0,3.19683837890625,600.6640625000013,1511.7408000000032,5,0,0.0
sweep,6,sr,0,True,131072,bba8b065457a853a2a47600d22cafa61c76cd3ef6fc5ee49671b7e9a11408626,1.1003635081474519,0.9529359999999999,1.0030127999999998,7,135,0,128,0.0,0.09588623046875,62.006487500000055,51.70240000000004,6,0,0.0
sweep,6,sr,1,True,131072,bba8b065457a853a2a47600d22cafa61c76cd3ef6fc5ee49671b7e9a11408626,0.7775883323781958,1.3484976000000009,1.3985744000000009,15,143,0,128,0.0,0.16082763671875,73.78258750000005,240.12000000000006,13,0,0.0
sweep,6,sr,2,True,131072,bba8b065457a853a2a47600d22cafa61c76cd3ef6fc5ee49671b7e9a11408626,1.1023328023736758,0.9512335999999998,1.0013103999999997,11,139,0,128,0.0,0.12835693359375,67.89453750000006,240.12000000000003,10,0,0.0
sweep,6,sr,3,True,131072,bba8b065457a853a2a47600d22cafa61c76cd3ef6fc5ee49671b7e9a11408626,1.090621645684426,0.961448,1.0115248,9,137,0,128,0.0,0.11212158203125,64.95051250000006,240.12,9,0,0.0
sweep,6,sr,4,True,131072,bba8b065457a853a2a47600d22cafa61c76cd3ef6fc5ee49671b7e9a11408626,0.7795566224129662,1.3450928000000006,1.3951696000000007,12,140,0,128,0.0,0.136474609375,69.36655000000005,240.12,10,0,0.0
sweep,6,fixed,0,True,131072,bba8b065457a853a2a47600d22cafa61c76cd3ef6fc5ee49671b7e9a11408626,1.7233662652946917,0.6084463999999999,0.6585232,3,131,16,128,0.125,0.19329833984375,56.26473750000005,53.40480000000001,7,4,0.5714285714285714
sweep,6,fixed,1,True,131072,bba8b065457a853a2a47600d22cafa61c76cd3ef6fc5ee49671b7e9a11408626,0.9481069976708186,1.105968,1.1560448,9,137,16,127,0.125,0.24200439453125,65.15001250000006,238.41760000000005,12,5,0.4166666666666667
sweep,6,fixed,2,True,131072,bba8b065457a853a2a47600d22cafa61c76cd3ef6fc5ee49671b7e9a11408626,1.288354171581348,0.813888,0.8639648,6,134,16,128,0.125,0.2176513671875,60.80047500000006,63.61920000000001,12,6,0.5
sweep,6,fixed,3,True,131072,bba8b065457a853a2a47600d22cafa61c76cd3ef6fc5ee49671b7e9a11408626,1.3685037002388867,0.7662208,0.8162976000000001,4,132,16,128,0.125,0.201416015625,57.816550000000056,56.80960000000001,10,6,0.6
sweep,6,fixed,4,True,131072,bba8b065457a853a2a47600d22cafa61c76cd3ef6fc5ee49671b7e9a11408626,1.2937664839937462,0.8104832,0.86056,11,139,16,127,0.125,0.25823974609375,67.65513750000007,238.4176000000001,11,0,0.0
sweep,6,adaptive,0,True,131072,bba8b065457a853a2a47600d22cafa61c76cd3ef6fc5ee49671b7e9a11408626,1.1003635081474519,0.9529359999999999,1.0030127999999998,7,135,0,197,0.0,0.09588623046875,62.006487500000055,51.70240000000004,6,0,0.0
sweep,6,adaptive,1,True,131072,bba8b065457a853a2a47600d22cafa61c76cd3ef6fc5ee49671b7e9a11408626,1.3300860529306708,0.7883519999999998,0.8384287999999999,8,136,54,162,0.421875,0.5423583984375,63.62480000000004,240.12,12,4,0.3333333333333333
sweep,6,adaptive,2,True,131072,bba8b065457a853a2a47600d22cafa61c76cd3ef6fc5ee49671b7e9a11408626,1.2170734968577759,0.8615551999999996,0.9116319999999997,9,137,41,158,0.3203125,0.4449462890625,65.28301250000005,240.12000000000003,14,5,0.35714285714285715
sweep,6,adaptive,3,True,131072,bba8b065457a853a2a47600d22cafa61c76cd3ef6fc5ee49671b7e9a11408626,1.254248706249809,0.8360191999999996,0.8860959999999997,5,133,18,153,0.140625,0.22576904296875,59.18216250000007,55.10720000000002,8,3,0.375
sweep,6,adaptive,4,True,131072,bba8b065457a853a2a47600d22cafa61c76cd3ef6fc5ee49671b7e9a11408626,1.2750194552529182,0.8224,0.8724768,4,132,35,181,0.2734375,0.35565185546875,57.909650000000056,58.51200000000001,7,4,0.5714285714285714
sweep,8,gbn,0,True,131072,bba8b065457a853a2a47600d22cafa61c76cd3ef6fc5ee49671b7e9a11408626,0.6236196316099467,1.6814352000000046,1.7315120000000046,189,317,0,293,0.0,1.57330322265625,318.0871625000009,805.3728000000013,9,0,0.0
sweep,8,gbn,1,True,131072,bba8b065457a853a2a47600d22cafa61c76cd3ef6fc5ee49671b7e9a11408626,0.41463417720397616,2.52891840000001,2.57899520000001,369,497,0,452,0.0,3.03448486328125,559.3982125000017,1134.9056000000016,10,0,0.0
sweep,8,gbn,2,True,131072,bba8b065457a853a2a47600d22cafa61c76cd3ef6fc5ee49671b7e9a11408626,0.4391383678520896,2.3878032000000076,2.4378800000000074,284,412,0,378,0.0,2.344482421875,446.1027500000017,946.4880000000018,13,0,0.0
sweep,8,gbn,3,True,131072,bba8b065457a853a2a47600d22cafa61c76cd3ef6fc5ee49671b7e9a11408626,0.4767586002199881,2.199385600000003,2.2494624000000027,211,339,0,307,0.0,1.75189208984375,338.6458375000003,1134.9056000000023,14,0,0.0
sweep,8,gbn,4,True,131072,bba8b065457a853a2a47600d22cafa61c76cd3ef6fc5ee49671b7e9a11408626,0.30209566885269834,3.4710064000000114,3.521083200000011,490,618,0,566,0.0,4.0167236328125,737.5117250000008,946.4880000000045,6,0,0.0
sweep,8,sr,0,True,131072,bba8b065457a853a2a47600d22cafa61c76cd3ef6fc5ee49671b7e9a11408626,1.1003635081474519,0.9529359999999999,1.0030127999999998,7,135,0,128,0.0,0.09588623046875,62.006487500000055,51.70240000000004,6,0,0.0
sweep,8,sr,1,True,131072,bba8b065457a853a2a47600d22cafa61c76cd3ef6fc5ee49671b7e9a11408626,0.7785712333991087,1.3467952000000007,1.3968720000000008,16,144,0,128,0.0,0.1689453125,75.25460000000005,240.12000000000006,14,0,0.0
sweep,8,sr,2,True,131072,bba8b065457a853a2a47600d22cafa61c76cd3ef6fc5ee49671b7e9a11408626,1.0753884450220457,0.9750672,1.025144,12,140,0,128,0.0,0.136474609375,69.36655000000006,240.12000000000003,11,0,0.0
sweep,8,sr,3,True,131072,bba8b065457a853a2a47600d22cafa61c76cd3ef6fc5ee49671b7e9a11408626,0.9270088066968237,1.1311392000000002,1.1812160000000003,16,144,0,128,0.0,0.1689453125,75.25460000000007,240.12000000000012,15,0,0.0
sweep,8,sr,4,True,131072,bba8b065457a853a2a47600d22cafa61c76cd3ef6fc5ee49671b7e9a11408626,0.685296491954542,1.5301056000000006,1.5801824000000007,14,142,0,128,0.0,0.1527099609375,72.31057500000006,240.12000000000012,12,0,0.0
sweep,8,fixed,0,True,131072,bba8b065457a853a2a47600d22cafa61c76cd3ef6fc5ee49671b7e9a11408626,1.7233662652946917,0.6084463999999999,0.6585232,3,131,16,128,0.125,0.19329833984375,56.26473750000005,53.40480000000001,7,4,0.5714285714285714
sweep,8,fixed,1,True,131072,bba8b065457a853a2a47600d22cafa61c76cd3ef6fc5ee49671b7e9a11408626,0.9466498337411561,1.1076704000000002,1.1577472000000002,9,137,16,127,0.125,0.24200439453125,65.16331250000006,238.41760000000005,12,5,0.4166666666666667
sweep,8,fixed,2,True,131072,bba8b065457a853a2a47600d22cafa61c76cd3ef6fc5ee49671b7e9a11408626,1.288354171581348,0.813888,0.8639648,6,134,16,128,0.125,0.2176513671875,60.827075000000065,63.61920000000001,13,7,0.5384615384615384
sweep,8,fixed,3,True,131072,bba8b065457a853a2a47600d22cafa61c76cd3ef6fc5ee49671b7e9a11408626,0.794642564836921,1.3195568000000002,1.3696336000000002,10,138,16,128,0.125,0.2501220703125,66.47572500000008,233.31040000000002,12,4,0.3333333333333333
sweep,8,fixed,4,True,131072,bba8b065457a853a2a47600d22cafa61c76cd3ef6fc5ee49671b7e9a11408626,1.2910546554876128,0.8121856,0.8622624,11,139,16,127,0.125,0.25823974609375,67.80143750000006,238.4176,13,2,0.15384615384615385
sweep,8,adaptive,0,True,131072,bba8b065457a853a2a47600d22cafa61c76cd3ef6fc5ee49671b7e9a11408626,1.1003635081474519,0.9529359999999999,1.0030127999999998,7,135,0,197,0.0,0.09588623046875,62.006487500000055,51.70240000000004,6,0,0.0
sweep,8,adaptive,1,True,131072,bba8b065457a853a2a47600d22cafa61c76cd3ef6fc5ee49671b7e9a11408626,1.3300860529306708,0.7883519999999998,0.8384287999999999,8,136,53,162,0.4140625,0.53424072265625,63.651400000000045,240.12,13,5,0.38461538461538464
sweep,8,adaptive,2,True,131072,bba8b065457a853a2a47600d22cafa61c76cd3ef6fc5ee49671b7e9a11408626,1.2170734968577759,0.8615551999999996,0.9116319999999997,7,135,56,158,0.4375,0.55047607421875,62.31238750000005,236.71520000000012,14,7,0.5
sweep,8,adaptive,3,True,131072,bba8b065457a853a2a47600d22cafa61c76cd3ef6fc5ee49671b7e9a11408626,0.8609269783218088,1.2179616000000053,1.2680384000000053,9,137,39,152,0.3046875,0.4287109375,64.95051250000006,231.60800000000015,10,3,0.3
sweep,8,adaptive,4,True,131072,bba8b065457a853a2a47600d22cafa61c76cd3ef6fc5ee49671b7e9a11408626,1.2750194552529186,0.8223999999999998,0.8724767999999998,3,131,59,153,0.4609375,0.5423583984375,56.58393750000003,56.80960000000002,15,12,0.8
sweep,10,gbn,0,True,131072,bba8b065457a853a2a47600d22cafa61c76cd3ef6fc5ee49671b7e9a11408626,0.3792814279075328,2.7646384000000084,2.814715200000008,302,430,0,384,0.0,2.4906005859375,472.59897500000176,993.7904000000004,11,0,0.0
sweep,10,gbn,1,True,131072,bba8b065457a853a2a47600d22cafa61c76cd3ef6fc5ee49671b7e9a11408626,0.41463417720397616,2.52891840000001,2.57899520000001,369,497,0,446,0.0,3.03448486328125,559.3982125000017,1134.9056000000016,13,0,0.0
sweep,10,gbn,2,True,131072,bba8b065457a853a2a47600d22cafa61c76cd3ef6fc5ee49671b7e9a11408626,0.4070210131057077,2.5762208000000077,2.6262976000000076,330,458,0,412,0.0,2.7178955078125,513.8153250000014,1134.9056000000016,17,0,0.0
sweep,10,gbn,3,True,131072,bba8b065457a853a2a47600d22cafa61c76cd3ef6fc5ee49671b7e9a11408626,0.4391383678520895,2.3878032000000085,2.4378800000000083,289,417,0,375,0.0,2.38507080078125,453.462812500001,805.3728,16,0,0.0
sweep,10,gbn,4,True,131072,bba8b065457a853a2a47600d22cafa61c76cd3ef6fc5ee49671b7e9a11408626,0.30209566885269834,3.4710064000000114,3.521083200000011,490,618,0,553,0.0,4.0167236328125,737.5117250000008,946.4880000000045,9,0,0.0
sweep,10,sr,0,True,131072,bba8b065457a853a2a47600d22cafa61c76cd3ef6fc5ee49671b7e9a11408626,1.0772692828012684,0.9733648,1.0234416,10,138,0,128,0.0,0.1202392578125,66.42252500000006,240.12,10,0,0.0
sweep,10,sr,1,True,131072,bba8b065457a853a2a47600d22cafa61c76cd3ef6fc5ee49671b7e9a11408626,0.7795566224129657,1.3450928000000015,1.3951696000000016,18,146,0,128,0.0,0.1851806640625,78.19862500000005,240.12000000000006,15,0,0.0
sweep,10,sr,2,True,131072,bba8b065457a853a2a47600d22cafa61c76cd3ef6fc5ee49671b7e9a11408626,1.0753884450220454,0.9750672000000001,1.025144,14,142,0,128,0.0,0.1527099609375,72.31057500000004,240.12000000000003,12,0,0.0
sweep,10,sr,3,True,131072,bba8b065457a853a2a47600d22cafa61c76cd3ef6fc5ee49671b7e9a11408626,0.8331055734020467,1.2586352000000003,1.3087120000000003,18,146,0,128,0.0,0.1851806640625,78.19862500000009,240.12000000000012,16,0,0.0
sweep,10,sr,4,True,131072,bba8b065457a853a2a47600d22cafa61c76cd3ef6fc5ee49671b7e9a11408626,0.6065559053033839,1.7287376000000017,1.7788144000000017,18,146,0,128,0.0,0.1851806640625,78.19862500000006,240.12000000000023,15,0,0.0
sweep,10,fixed,0,True,131072,bba8b065457a853a2a47600d22cafa61c76cd3ef6fc5ee49671b7e9a11408626,1.7185578337612075,0.6101487999999998,0.6602255999999999,3,131,16,128,0.125,0.19329833984375,56.397737500000055,56.80959999999996,10,7,0.7
sweep,10,fixed,1,True,131072,bba8b065457a853a2a47600d22cafa61c76cd3ef6fc5ee49671b7e9a11408626,1.1322951887475405,0.9260623999999996,0.9761391999999997,9,137,16,127,0.125,0.24200439453125,65.17661250000005,240.12,16,7,0.4375
sweep,10,fixed,2,True,131072,bba8b065457a853a2a47600d22cafa61c76cd3ef6fc5ee49671b7e9a11408626,1.0515219438779684,0.9971984,1.0472752,12,140,16,127,0.125,0.266357421875,69.68575000000006,240.12000000000006,17,5,0.29411764705882354
sweep,10,fixed,3,True,131072,bba8b065457a853a2a47600d22cafa61c76cd3ef6fc5ee49671b7e9a11408626,1.0533201539734964,0.995496,1.0455728,12,140,16,127,0.125,0.266357421875,69.30005000000006,240.12000000000003,15,3,0.2
sweep,10,fixed,4,True,131072,bba8b065457a853a2a47600d22cafa61c76cd3ef6fc5ee49671b7e9a11408626,1.2803200800200052,0.8189951999999999,0.869072,12,140,16,127,0.125,0.266357421875,69.43305000000005,240.12,17,5,0.29411764705882354
sweep,10,adaptive,0,True,131072,bba8b065457a853a2a47600d22cafa61c76cd3ef6fc5ee49671b7e9a11408626,1.0533201539734967,0.9954959999999998,1.0455727999999997,7,135,7,171,0.0546875,0.1527099609375,62.20598750000005,70.4287999999999,9,3,0.3333333333333333
sweep,10,adaptive,1,True,131072,bba8b065457a853a2a47600d22cafa61c76cd3ef6fc5ee49671b7e9a11408626,1.2416071780414983,0.8445311999999997,0.8946079999999997,9,137,58,161,0.453125,0.58294677734375,65.18991250000005,240.12000000000003,16,7,0.4375
sweep,10,adaptive,2,True,131072,bba8b065457a853a2a47600d22cafa61c76cd3ef6fc5ee49671b7e9a11408626,1.202813220373824,0.8717695999999996,0.9218463999999996,9,137,60,159,0.46875,0.59918212890625,65.45591250000004,240.12000000000003,20,11,0.55
sweep,10,adaptive,3,True,131072,bba8b065457a853a2a47600d22cafa61c76cd3ef6fc5ee49671b7e9a11408626,1.035610160786948,1.0125199999999996,1.0625967999999997,9,137,37,147,0.2890625,0.4124755859375,65.15001250000007,240.12,13,5,0.38461538461538464
sweep,10,adaptive,4,True,131072,bba8b065457a853a2a47600d22cafa61c76cd3ef6fc5ee49671b7e9a11408626,1.2391093901258474,0.8462335999999997,0.8963103999999997,4,132,58,153,0.453125,0.5423583984375,58.242150000000045,61.916799999999995,16,12,0.75
sweep,12,gbn,0,True,131072,bba8b065457a853a2a47600d22cafa61c76cd3ef6fc5ee49671b7e9a11408626,0.38588382150753414,2.7173360000000084,2.767412800000008,302,430,0,375,0.0,2.4906005859375,460.77337500000186,946.4880000000018,15,0,0.0
sweep,12,gbn,1,True,131072,bba8b065457a853a2a47600d22cafa61c76cd3ef6fc5ee49671b7e9a11408626,0.23760561296853228,4.413094400000012,4.463171200000012,692,820,0,720,0.0,5.656494140625,1034.8582500000016,1700.1584000000053,14,0,0.0
sweep,12,gbn,2,True,131072,bba8b065457a853a2a47600d22cafa61c76cd3ef6fc5ee49671b7e9a11408626,0.4070210131057077,2.5762208000000077,2.6262976000000076,330,458,0,404,0.0,2.7178955078125,513.8153250000014,1134.9056000000016,19,0,0.0
sweep,12,gbn,3,True,131072,bba8b065457a853a2a47600d22cafa61c76cd3ef6fc5ee49671b7e9a11408626,0.3194356844207828,3.2825888000000125,3.3326656000000123,457,585,0,522,0.0,3.74884033203125,688.9353125000022,1182.2080000000003,17,0,0.0
sweep,12,gbn,4,True,131072,bba8b065457a853a2a47600d22cafa61c76cd3ef6fc5ee49671b7e9a11408626,0.2597890640918197,4.036259200000012,4.086336000000013,535,663,0,552,0.0,4.38201904296875,803.7522875000009,1134.9056000000046,14,0,0.0
sweep,12,sr,0,True,131072,bba8b065457a853a2a47600d22cafa61c76cd3ef6fc5ee49671b7e9a11408626,0.906543167865966,1.1566752000000002,1.2067520000000003,17,145,0,128,0.0,0.17706298828125,76.72661250000004,240.12000000000003,14,0,0.0
sweep,12,sr,1,True,131072,bba8b065457a853a2a47600d22cafa61c76cd3ef6fc5ee49671b7e9a11408626,0.7756299567187679,1.351902400000002,1.401979200000002,20,148,0,128,0.0,0.201416015625,81.14265000000006,240.12000000000006,16,0,0.0
sweep,12,sr,2,True,131072,bba8b065457a853a2a47600d22cafa61c76cd3ef6fc5ee49671b7e9a11408626,0.9119117921259666,1.1498656,1.1999424,17,145,0,128,0.0,0.17706298828125,76.72661250000006,240.12000000000012,15,0,0.0
sweep,12,sr,3,True,131072,bba8b065457a853a2a47600d22cafa61c76cd3ef6fc5ee49671b7e9a11408626,0.8331055734020467,1.2586352000000003,1.3087120000000003,18,146,0,128,0.0,0.1851806640625,78.19862500000009,240.12000000000012,16,0,0.0
sweep,12,sr,4,True,131072,bba8b065457a853a2a47600d22cafa61c76cd3ef6fc5ee49671b7e9a11408626,0.6083531597029149,1.7236304000000016,1.7737072000000016,21,149,0,128,0.0,0.20953369140625,82.61466250000008,240.12000000000012,18,0,0.0
sweep,12,fixed,0,True,131072,bba8b065457a853a2a47600d22cafa61c76cd3ef6fc5ee49671b7e9a11408626,1.6363749859548817,0.6407919999999997,0.6908687999999997,8,136,16,127,0.125,0.23388671875,63.81100000000006,238.4176,16,8,0.5
sweep,12,fixed,1,True,131072,bba8b065457a853a2a47600d22cafa61c76cd3ef6fc5ee49671b7e9a11408626,1.0461639643637632,1.0023055999999997,1.0523823999999997,11,139,16,127,0.125,0.25823974609375,68.12063750000006,240.12,18,7,0.3888888888888889
sweep,12,fixed,2,True,131072,bba8b065457a853a2a47600d22cafa61c76cd3ef6fc5ee49671b7e9a11408626,1.0479438802514325,1.0006031999999998,1.0506799999999998,15,143,16,126,0.125,0.29071044921875,74.00868750000006,240.12000000000012,19,4,0.21052631578947367
sweep,12,fixed,3,True,131072,bba8b065457a853a2a47600d22cafa61c76cd3ef6fc5ee49671b7e9a11408626,1.0515219438779684,0.9971984,1.0472752,12,140,16,127,0.125,0.266357421875,69.36655000000007,240.12000000000003,16,4,0.25
sweep,12,fixed,4,True,131072,bba8b065457a853a2a47600d22cafa61c76cd3ef6fc5ee49671b7e9a11408626,1.0642399086717949,0.9852816,1.0353584,10,138,16,127,0.125,0.2501220703125,67.31362500000006,240.12,16,6,0.375
sweep,12,adaptive,0,True,131072,bba8b065457a853a2a47600d22cafa61c76cd3ef6fc5ee49671b7e9a11408626,1.5776942687732773,0.6646255999999996,0.7147023999999996,5,133,73,172,0.5703125,0.6722412109375,59.38166250000004,58.51199999999995,13,8,0.6153846153846154
sweep,12,adaptive,1,True,131072,bba8b065457a853a2a47600d22cafa61c76cd3ef6fc5ee49671b7e9a11408626,1.2416071780414983,0.8445311999999997,0.8946079999999997,9,137,58,161,0.453125,0.58294677734375,65.22981250000005,240.12000000000003,18,9,0.5
sweep,12,adaptive,2,True,131072,bba8b065457a853a2a47600d22cafa61c76cd3ef6fc5ee49671b7e9a11408626,1.202813220373824,0.8717695999999996,0.9218463999999996,9,137,60,159,0.46875,0.59918212890625,65.45591250000004,240.12000000000003,20,11,0.55
sweep,12,adaptive,3,True,131072,bba8b065457a853a2a47600d22cafa61c76cd3ef6fc5ee49671b7e9a11408626,1.035610160786948,1.0125199999999996,1.0625967999999997,9,137,37,147,0.2890625,0.4124755859375,65.26971250000008,240.12,14,6,0.42857142857142855
sweep,12,adaptive,4,True,131072,bba8b065457a853a2a47600d22cafa61c76cd3ef6fc5ee49671b7e9a11408626,1.2391093901258474,0.8462335999999997,0.8963103999999997,6,134,59,154,0.4609375,0.56671142578125,60.99997500000006,67.02399999999997,15,9,0.6
sweep,14,gbn,0,True,131072,bba8b065457a853a2a47600d22cafa61c76cd3ef6fc5ee49671b7e9a11408626,0.38588382150753414,2.7173360000000084,2.767412800000008,302,430,0,372,0.0,2.4906005859375,460.77337500000186,946.4880000000018,15,0,0.0
sweep,14,gbn,1,True,131072,bba8b065457a853a2a47600d22cafa61c76cd3ef6fc5ee49671b7e9a11408626,0.2189126119932947,4.789929600000012,4.8400064000000125,733,861,0,742,0.0,5.98931884765625,1095.2107625000017,1888.5760000000053,16,0,0.0
sweep,14,gbn,2,True,131072,bba8b065457a853a2a47600d22cafa61c76cd3ef6fc5ee49671b7e9a11408626,0.4070210131057077,2.5762208000000077,2.6262976000000076,331,459,0,397,0.0,2.72601318359375,515.2873375000013,1134.9056000000016,22,0,0.0
sweep,14,gbn,3,True,131072,bba8b065457a853a2a47600d22cafa61c76cd3ef6fc5ee49671b7e9a11408626,0.3194356844207828,3.2825888000000125,3.3326656000000123,463,591,0,517,0.0,3.79754638671875,697.7673875000021,1182.2080000000003,19,0,0.0
sweep,14,gbn,4,True,131072,bba8b065457a853a2a47600d22cafa61c76cd3ef6fc5ee49671b7e9a11408626,0.2597890640918197,4.036259200000012,4.086336000000013,541,669,0,545,0.0,4.43072509765625,812.5843625000005,1134.9056000000046,17,0,0.0
sweep,14,sr,0,True,131072,bba8b065457a853a2a47600d22cafa61c76cd3ef6fc5ee49671b7e9a11408626,0.9119117921259666,1.1498656,1.1999424,18,146,0,128,0.0,0.1851806640625,78.19862500000005,240.12000000000006,15,0,0.0
sweep,14,sr,1,True,131072,bba8b065457a853a2a47600d22cafa61c76cd3ef6fc5ee49671b7e9a11408626,0.6815052681056023,1.5386176000000023,1.5886944000000023,21,149,0,128,0.0,0.20953369140625,82.61466250000008,240.12000000000035,16,0,0.0
sweep,14,sr,2,True,131072,bba8b065457a853a2a47600d22cafa61c76cd3ef6fc5ee49671b7e9a11408626,0.9092195551017348,1.1532704000000003,1.2033472000000003,19,147,0,128,0.0,0.19329833984375,79.67063750000007,240.12000000000012,17,0,0.0
sweep,14,sr,3,True,131072,bba8b065457a853a2a47600d22cafa61c76cd3ef6fc5ee49671b7e9a11408626,0.9012373861695484,1.1634848000000002,1.2135616000000002,19,147,0,128,0.0,0.19329833984375,79.67063750000008,240.12000000000012,17,0,0.0
sweep,14,sr,4,True,131072,bba8b065457a853a2a47600d22cafa61c76cd3ef6fc5ee49671b7e9a11408626,0.7756299567187687,1.3519024000000006,1.4019792000000006,23,151,0,128,0.0,0.22576904296875,85.55868750000008,240.12000000000012,21,0,0.0
sweep,14,fixed,0,True,131072,bba8b065457a853a2a47600d22cafa61c76cd3ef6fc5ee49671b7e9a11408626,1.632039127500567,0.6424943999999998,0.6925711999999998,9,137,16,127,0.125,0.24200439453125,65.30961250000006,240.12,17,8,0.47058823529411764
sweep,14,fixed,1,True,131072,bba8b065457a853a2a47600d22cafa61c76cd3ef6fc5ee49671b7e9a11408626,1.0461639643637632,1.0023055999999997,1.0523823999999997,11,139,16,127,0.125,0.25823974609375,68.21373750000005,240.12,19,8,0.42105263157894735
sweep,14,fixed,2,True,131072,bba8b065457a853a2a47600d22cafa61c76cd3ef6fc5ee49671b7e9a11408626,0.8882407314540983,1.1805088000000001,1.2305856000000002,18,146,16,127,0.125,0.3150634765625,78.25182500000007,240.12000000000012,20,3,0.15
sweep,14,fixed,3,True,131072,bba8b065457a853a2a47600d22cafa61c76cd3ef6fc5ee49671b7e9a11408626,0.8781102193399696,1.194128000000001,1.244204800000001,15,143,16,128,0.125,0.29071044921875,73.8623875000001,240.12000000000012,16,3,0.1875
sweep,14,fixed,4,True,131072,bba8b065457a853a2a47600d22cafa61c76cd3ef6fc5ee49671b7e9a11408626,1.0642399086717949,0.9852816,1.0353584,10,138,16,127,0.125,0.2501220703125,67.40672500000005,240.12,18,8,0.4444444444444444
sweep,14,adaptive,0,True,131072,bba8b065457a853a2a47600d22cafa61c76cd3ef6fc5ee49671b7e9a11408626,1.5776942687732773,0.6646255999999996,0.7147023999999996,5,133,72,172,0.5625,0.66412353515625,59.421562500000036,58.51199999999995,14,9,0.6428571428571429
sweep,14,adaptive,1,True,131072,bba8b065457a853a2a47600d22cafa61c76cd3ef6fc5ee49671b7e9a11408626,1.202813220373824,0.8717695999999997,0.9218463999999997,8,136,67,149,0.5234375,0.64788818359375,64.23660000000007,240.12,18,11,0.6111111111111112
sweep,14,adaptive,2,True,131072,bba8b065457a853a2a47600d22cafa61c76cd3ef6fc5ee49671b7e9a11408626,0.8478904946114102,1.2366880000000051,1.2867648000000051,9,137,67,155,0.5234375,0.656005859375,65.57561250000008,240.12,22,15,0.6818181818181818
sweep,14,adaptive,3,True,131072,bba8b065457a853a2a47600d22cafa61c76cd3ef6fc5ee49671b7e9a11408626,1.0288742919581517,1.0191488,1.0692256,11,139,39,145,0.3046875,0.4449462890625,68.54341250000007,240.12,16,7,0.4375
sweep,14,adaptive,4,True,131072,bba8b065457a853a2a47600d22cafa61c76cd3ef6fc5ee49671b7e9a11408626,1.246633086299515,0.8411263999999997,0.8912031999999998,6,134,59,155,0.4609375,0.56671142578125,60.973375000000054,72.13119999999995,16,10,0.625
sweep,16,gbn,0,True,131072,bba8b065457a853a2a47600d22cafa61c76cd3ef6fc5ee49671b7e9a11408626,0.23760561296853236,4.41309440000001,4.46317120000001,600,728,0,604,0.0,4.90966796875,899.4331000000018,2265.4112000000055,17,0,0.0
sweep,16,gbn,1,True,131072,bba8b065457a853a2a47600d22cafa61c76cd3ef6fc5ee49671b7e9a11408626,0.20294633887727917,5.166764800000013,5.216841600000013,755,883,0,748,0.0,6.16790771484375,1127.5950375000018,1888.5760000000053,17,0,0.0
sweep,16,gbn,2,True,131072,bba8b065457a853a2a47600d22cafa61c76cd3ef6fc5ee49671b7e9a11408626,0.4070210131057077,2.5762208000000077,2.6262976000000076,331,459,0,390,0.0,2.72601318359375,515.2873375000013,1134.9056000000016,24,0,0.0
sweep,16,gbn,3,True,131072,bba8b065457a853a2a47600d22cafa61c76cd3ef6fc5ee49671b7e9a11408626,0.3194356844207828,3.2825888000000125,3.3326656000000123,463,591,0,508,0.0,3.79754638671875,697.7673875000021,1182.2080000000003,22,0,0.0
sweep,16,gbn,4,True,131072,bba8b065457a853a2a47600d22cafa61c76cd3ef6fc5ee49671b7e9a11408626,0.2597890640918197,4.036259200000012,4.086336000000013,541,669,0,530,0.0,4.43072509765625,812.5843625000008,1323.3232000000014,21,0,0.0
sweep,16,sr,0,True,131072,bba8b065457a853a2a47600d22cafa61c76cd3ef6fc5ee49671b7e9a11408626,0.9159801753802372,1.1447584000000002,1.1948352000000002,19,147,0,128,0.0,0.19329833984375,79.67063750000005,240.12000000000006,16,0,0.0
sweep,16,sr,1,True,131072,bba8b065457a853a2a47600d22cafa61c76cd3ef6fc5ee49671b7e9a11408626,0.49840332370282825,2.1038704000000026,2.1539472000000024,25,153,0,128,0.0,0.24200439453125,88.50271250000009,240.12000000000035,17,0,0.0
sweep,16,sr,2,True,131072,bba8b065457a853a2a47600d22cafa61c76cd3ef6fc5ee49671b7e9a11408626,0.6845348764335999,1.5318080000000005,1.5818848000000005,28,156,0,128,0.0,0.266357421875,92.91875000000005,428.53759999999994,20,0,0.0
sweep,16,sr,3,True,131072,bba8b065457a853a2a47600d22cafa61c76cd3ef6fc5ee49671b7e9a11408626,0.9052108742434243,1.1583776000000003,1.2084544000000004,22,150,0,128,0.0,0.2176513671875,84.0866750000001,240.12000000000012,20,0,0.0
sweep,16,sr,4,True,131072,bba8b065457a853a2a47600d22cafa61c76cd3ef6fc5ee49671b7e9a11408626,0.7756299567187686,1.3519024000000008,1.4019792000000009,26,154,0,128,0.0,0.2501220703125,89.97472500000009,240.12000000000023,24,0,0.0
sweep,16,fixed,0,True,131072,bba8b065457a853a2a47600d22cafa61c76cd3ef6fc5ee49671b7e9a11408626,1.6363749859548817,0.6407919999999997,0.6908687999999997,10,138,16,127,0.125,0.2501220703125,66.75502500000006,240.12,18,8,0.4444444444444444
sweep,16,fixed,1,True,131072,bba8b065457a853a2a47600d22cafa61c76cd3ef6fc5ee49671b7e9a11408626,0.9495686544976136,1.1042656,1.1543424,13,141,16,128,0.125,0.27447509765625,71.06466250000004,240.12,19,8,0.42105263157894735
sweep,16,fixed,2,True,131072,bba8b065457a853a2a47600d22cafa61c76cd3ef6fc5ee49671b7e9a11408626,0.889523504453318,1.1788064000000003,1.2288832000000003,21,149,16,126,0.125,0.33941650390625,82.66786250000008,240.12000000000023,22,2,0.09090909090909091
sweep,16,fixed,3,True,131072,bba8b065457a853a2a47600d22cafa61c76cd3ef6fc5ee49671b7e9a11408626,0.8831464247500916,1.187318400000001,1.237395200000001,18,146,16,127,0.125,0.3150634765625,78.1454250000001,240.12000000000012,18,2,0.1111111111111111
sweep,16,fixed,4,True,131072,bba8b065457a853a2a47600d22cafa61c76cd3ef6fc5ee49671b7e9a11408626,0.909219555101735,1.1532704,1.2033472,15,143,16,127,0.125,0.29071044921875,73.99538750000008,240.12,21,6,0.2857142857142857
sweep,16,adaptive,0,True,131072,bba8b065457a853a2a47600d22cafa61c76cd3ef6fc5ee49671b7e9a11408626,1.5656632018022718,0.6697327999999996,0.7198095999999996,5,133,72,172,0.5625,0.66412353515625,59.514662500000036,58.51200000000001,15,10,0.6666666666666666
sweep,16,adaptive,1,True,131072,bba8b065457a853a2a47600d22cafa61c76cd3ef6fc5ee49671b7e9a11408626,1.0068319422104033,1.0414607999999996,1.0915375999999997,10,138,67,149,0.5234375,0.66412353515625,67.07422500000004,240.12,21,12,0.5714285714285714
sweep,16,adaptive,2,True,131072,bba8b065457a853a2a47600d22cafa61c76cd3ef6fc5ee49671b7e9a11408626,1.0035510787224697,1.0448655999999994,1.0949423999999994,13,141,67,156,0.5234375,0.6884765625,71.15776250000005,240.12000000000003,19,8,0.42105263157894735
sweep,16,adaptive,3,True,131072,bba8b065457a853a2a47600d22cafa61c76cd3ef6fc5ee49671b7e9a11408626,1.0184858539314494,1.0295439999999998,1.0796207999999998,14,142,58,156,0.453125,0.62353515625,72.39037500000006,240.12,16,4,0.25
sweep,16,adaptive,4,True,131072,bba8b065457a853a2a47600d22cafa61c76cd3ef6fc5ee49671b7e9a11408626,1.4870920968733765,0.7051183999999998,0.7551951999999998,6,134,72,144,0.5625,0.6722412109375,61.59847500000003,67.02399999999997,23,17,0.7391304347826086
sweep,18,gbn,0,True,131072,bba8b065457a853a2a47600d22cafa61c76cd3ef6fc5ee49671b7e9a11408626,0.23760561296853236,4.41309440000001,4.46317120000001,600,728,0,595,0.0,4.90966796875,899.4331000000018,2265.4112000000055,17,0,0.0
sweep,18,gbn,1,True,131072,bba8b065457a853a2a47600d22cafa61c76cd3ef6fc5ee49671b7e9a11408626,0.210627334308864,4.978347200000014,5.028424000000014,740,868,0,715,0.0,6.046142578125,1105.5148500000023,1888.5760000000028,20,0,0.0
sweep,18,gbn,2,True,131072,bba8b065457a853a2a47600d22cafa61c76cd3ef6fc5ee49671b7e9a11408626,0.3020956688526983,3.471006400000012,3.5210832000000116,467,595,0,491,0.0,3.83001708984375,703.6554375000019,1323.3232000000012,23,0,0.0
sweep,18,gbn,3,True,131072,bba8b065457a853a2a47600d22cafa61c76cd3ef6fc5ee49671b7e9a11408626,0.22787640236513493,4.601512000000014,4.651588800000014,670,798,0,654,0.0,5.4779052734375,1002.4739750000016,1323.3232000000048,18,0,0.0
sweep,18,gbn,4,True,131072,bba8b065457a853a2a47600d22cafa61c76cd3ef6fc5ee49671b7e9a11408626,0.20294633887727917,5.166764800000013,5.216841600000013,756,884,0,690,0.0,6.176025390625,1129.0670500000017,2265.4112000000046,27,0,0.0
sweep,18,sr,0,True,131072,bba8b065457a853a2a47600d22cafa61c76cd3ef6fc5ee49671b7e9a11408626,0.9159801753802372,1.1447584000000002,1.1948352000000002,19,147,0,128,0.0,0.19329833984375,79.67063750000005,240.12000000000006,16,0,0.0
sweep,18,sr,1,True,131072,bba8b065457a853a2a47600d22cafa61c76cd3ef6fc5ee49671b7e9a11408626,0.6438271247149803,1.6286608000000007,1.6787376000000007,30,158,0,128,0.0,0.2825927734375,95.86277500000008,240.12000000000035,23,0,0.0
sweep,18,sr,2,True,131072,bba8b065457a853a2a47600d22cafa61c76cd3ef6fc5ee49671b7e9a11408626,0.6868248185892084,1.5267008000000009,1.576777600000001,32,160,0,128,0.0,0.298828125,98.80680000000007,240.12000000000035,25,0,0.0
sweep,18,sr,3,True,131072,bba8b065457a853a2a47600d22cafa61c76cd3ef6fc5ee49671b7e9a11408626,0.6807520515217611,1.5403200000000012,1.5903968000000013,24,152,0,128,0.0,0.23388671875,87.03070000000008,240.12000000000035,19,0,0.0
sweep,18,sr,4,True,131072,bba8b065457a853a2a47600d22cafa61c76cd3ef6fc5ee49671b7e9a11408626,0.6914509750961166,1.5164864000000005,1.5665632000000005,32,160,0,128,0.0,0.298828125,98.8068000000001,240.12000000000035,25,0,0.0
sweep,18,fixed,0,True,131072,bba8b065457a853a2a47600d22cafa61c76cd3ef6fc5ee49671b7e9a11408626,1.6363749859548817,0.6407919999999997,0.6908687999999997,10,138,16,126,0.125,0.2501220703125,66.75502500000006,240.12,18,8,0.4444444444444444
sweep,18,fixed,1,True,131072,bba8b065457a853a2a47600d22cafa61c76cd3ef6fc5ee49671b7e9a11408626,0.8818819653953908,1.1890208000000002,1.2390976000000002,18,146,16,128,0.125,0.3150634765625,78.47792500000007,240.12000000000012,25,8,0.32
sweep,18,fixed,2,True,131072,bba8b065457a853a2a47600d22cafa61c76cd3ef6fc5ee49671b7e9a11408626,0.7688526455706136,1.363819200000003,1.413896000000003,24,152,16,127,0.125,0.36376953125,87.17700000000008,240.12000000000035,24,4,0.16666666666666666
sweep,18,fixed,3,True,131072,bba8b065457a853a2a47600d22cafa61c76cd3ef6fc5ee49671b7e9a11408626,0.8818819653953901,1.189020800000001,1.2390976000000011,18,146,16,127,0.125,0.3150634765625,78.27842500000011,240.12000000000012,20,4,0.2
sweep,18,fixed,4,True,131072,bba8b065457a853a2a47600d22cafa61c76cd3ef6fc5ee49671b7e9a11408626,0.8831464247500922,1.1873184,1.2373952000000001,29,157,16,124,0.125,0.40435791015625,94.5104625000001,240.12000000000012,31,2,0.06451612903225806
sweep,18,adaptive,0,True,131072,bba8b065457a853a2a47600d22cafa61c76cd3ef6fc5ee49671b7e9a11408626,1.5656632018022718,0.6697327999999996,0.7198095999999996,5,133,72,172,0.5625,0.66412353515625,59.55456250000003,58.51200000000001,16,11,0.6875
sweep,18,adaptive,1,True,131072,bba8b065457a853a2a47600d22cafa61c76cd3ef6fc5ee49671b7e9a11408626,1.0068319422104033,1.0414607999999996,1.0915375999999997,10,138,67,149,0.5234375,0.66412353515625,67.30032500000004,240.12,24,15,0.625
sweep,18,adaptive,2,True,131072,bba8b065457a853a2a47600d22cafa61c76cd3ef6fc5ee49671b7e9a11408626,1.229217934097594,0.8530431999999996,0.9031199999999996,9,137,71,147,0.5546875,0.6884765625,66.41351250000004,240.12000000000003,28,19,0.6785714285714286
sweep,18,adaptive,3,True,131072,bba8b065457a853a2a47600d22cafa61c76cd3ef6fc5ee49671b7e9a11408626,1.01680451926911,1.0312463999999997,1.0813231999999997,14,142,56,156,0.4375,0.6072998046875,72.66967500000005,240.12,20,8,0.4
sweep,18,adaptive,4,True,131072,bba8b065457a853a2a47600d22cafa61c76cd3ef6fc5ee49671b7e9a11408626,1.5155810968629688,0.6918639999999994,0.7419407999999994,8,136,90,149,0.703125,0.8345947265625,64.47600000000003,240.12,25,17,0.68
sweep,20,gbn,0,True,131072,bba8b065457a853a2a47600d22cafa61c76cd3ef6fc5ee49671b7e9a11408626,0.2482026554078639,4.224676800000012,4.274753600000012,586,714,0,570,0.0,4.7960205078125,878.8249250000013,1511.740800000005,21,0,0.0
sweep,20,gbn,1,True,131072,bba8b065457a853a2a47600d22cafa61c76cd3ef6fc5ee49671b7e9a11408626,0.19580584220623318,5.3551824000000146,5.405259200000015,746,874,0,709,0.0,6.0948486328125,1114.346925000002,1888.5760000000028,22,0,0.0
sweep,20,gbn,2,True,131072,bba8b065457a853a2a47600d22cafa61c76cd3ef6fc5ee49671b7e9a11408626,0.15711108916226882,6.674105600000015,6.724182400000015,982,1110,0,892,0.0,8.0106201171875,1461.7418750000031,2453.828800000006,29,0,0.0
sweep,20,gbn,3,True,131072,bba8b065457a853a2a47600d22cafa61c76cd3ef6fc5ee49671b7e9a11408626,0.16651277988634527,6.2972704000000155,6.347347200000016,910,1038,0,821,0.0,7.4261474609375,1355.7569750000023,1888.576000000005,27,0,0.0
sweep,20,gbn,4,True,131072,bba8b065457a853a2a47600d22cafa61c76cd3ef6fc5ee49671b7e9a11408626,0.15711108916226885,6.674105600000014,6.724182400000014,935,1063,0,814,0.0,7.62908935546875,1392.557287500003,2453.8288000000057,30,0,0.0
sweep,20,sr,0,True,131072,bba8b065457a853a2a47600d22cafa61c76cd3ef6fc5ee49671b7e9a11408626,0.7263377222148332,1.4436480000000007,1.4937248000000007,27,155,0,128,0.0,0.25823974609375,91.44673750000007,240.12000000000023,21,0,0.0
sweep,20,sr,1,True,131072,bba8b065457a853a2a47600d22cafa61c76cd3ef6fc5ee49671b7e9a11408626,0.6807520515217611,1.5403200000000015,1.5903968000000015,33,161,0,128,0.0,0.30694580078125,100.27881250000009,428.5376,26,0,0.0
sweep,20,sr,2,True,131072,bba8b065457a853a2a47600d22cafa61c76cd3ef6fc5ee49671b7e9a11408626,0.6807520515217605,1.5403200000000026,1.5903968000000026,35,163,0,128,0.0,0.32318115234375,103.22283750000013,240.12000000000035,30,0,0.0
sweep,20,sr,3,True,131072,bba8b065457a853a2a47600d22cafa61c76cd3ef6fc5ee49671b7e9a11408626,0.6815052681056029,1.5386176000000011,1.5886944000000012,26,154,0,128,0.0,0.2501220703125,89.97472500000008,428.53759999999994,19,0,0.0
sweep,20,sr,4,True,131072,bba8b065457a853a2a47600d22cafa61c76cd3ef6fc5ee49671b7e9a11408626,0.6071538090248527,1.7270352000000029,1.777112000000003,36,164,0,128,0.0,0.331298828125,104.6948500000001,240.12000000000035,28,0,0.0
sweep,20,fixed,0,True,131072,bba8b065457a853a2a47600d22cafa61c76cd3ef6fc5ee49671b7e9a11408626,0.7612507390530129,1.3774384000000004,1.4275152000000004,18,146,16,127,0.125,0.3150634765625,78.46462500000005,240.12,22,7,0.3181818181818182
sweep,20,fixed,1,True,131072,bba8b065457a853a2a47600d22cafa61c76cd3ef6fc5ee49671b7e9a11408626,0.59541536708771,1.7610832000000016,1.8111600000000017,20,148,16,127,0.125,0.331298828125,81.91405000000006,240.12000000000006,21,7,0.3333333333333333
sweep,20,fixed,2,True,131072,bba8b065457a853a2a47600d22cafa61c76cd3ef6fc5ee49671b7e9a11408626,0.768852645570615,1.3638192000000005,1.4138960000000005,30,158,16,127,0.125,0.4124755859375,96.04897500000007,240.12000000000054,29,5,0.1724137931034483
sweep,20,fixed,3,True,131072,bba8b065457a853a2a47600d22cafa61c76cd3ef6fc5ee49671b7e9a11408626,0.7650328082993729,1.3706288000000006,1.4207056000000007,20,148,16,127,0.125,0.331298828125,81.1692500000001,240.12000000000012,22,4,0.18181818181818182
sweep,20,fixed,4,True,131072,bba8b065457a853a2a47600d22cafa61c76cd3ef6fc5ee49671b7e9a11408626,0.765984204848411,1.3689264000000028,1.4190032000000028,30,158,16,127,0.125,0.4124755859375,95.91597500000013,240.12000000000012,33,4,0.12121212121212122
sweep,20,adaptive,0,True,131072,bba8b065457a853a2a47600d22cafa61c76cd3ef6fc5ee49671b7e9a11408626,1.5817458191235436,0.6629231999999996,0.7129999999999996,6,134,72,171,0.5625,0.6722412109375,61.172875000000026,61.91679999999994,19,13,0.6842105263157895
sweep,20,adaptive,1,True,131072,bba8b065457a853a2a47600d22cafa61c76cd3ef6fc5ee49671b7e9a11408626,0.8657674676671446,1.211152000000003,1.261228800000003,11,139,90,159,0.703125,0.85894775390625,68.71913750000004,240.12000000000003,27,18,0.6666666666666666
sweep,20,adaptive,2,True,131072,bba8b065457a853a2a47600d22cafa61c76cd3ef6fc5ee49671b7e9a11408626,0.9843063100679017,1.0652944000000006,1.1153712000000007,11,139,74,145,0.578125,0.72906494140625,70.66093750000005,240.12000000000003,30,20,0.6666666666666666
sweep,20,adaptive,3,True,131072,bba8b065457a853a2a47600d22cafa61c76cd3ef6fc5ee49671b7e9a11408626,1.01680451926911,1.0312463999999997,1.0813231999999997,14,142,56,156,0.4375,0.6072998046875,72.73617500000005,240.12,21,9,0.42857142857142855
sweep,20,adaptive,4,True,131072,bba8b065457a853a2a47600d22cafa61c76cd3ef6fc5ee49671b7e9a11408626,0.7402094715096809,1.416593600000005,1.466670400000005,13,141,96,151,0.75,0.92388916015625,71.71636250000009,240.12000000000003,30,19,0.6333333333333333
burst,10,gbn,0,True,131072,bba8b065457a853a2a47600d22cafa61c76cd3ef6fc5ee49671b7e9a11408626,1.1302174861559744,0.9277647999999996,0.9778415999999996,88,216,0,205,0.0,0.75341796875,169.41389999999987,381.2351999999998,7,0,0.0
burst,10,gbn,1,True,131072,bba8b065457a853a2a47600d22cafa61c76cd3ef6fc5ee49671b7e9a11408626,0.7252991460558736,1.4457152000000049,1.495792000000005,192,320,0,272,0.0,1.59765625,310.67760000000084,758.0704000000003,33,0,0.0
burst,10,gbn,2,True,131072,bba8b065457a853a2a47600d22cafa61c76cd3ef6fc5ee49671b7e9a11408626,1.3329645117724587,0.7866496000000001,0.8367264000000001,23,151,0,146,0.0,0.22576904296875,85.55868750000008,240.12000000000006,3,0,0.0
burst,10,gbn,3,True,131072,bba8b065457a853a2a47600d22cafa61c76cd3ef6fc5ee49671b7e9a11408626,0.6807520515217611,1.5403200000000012,1.5903968000000013,84,212,0,182,0.0,0.720947265625,169.43865000000014,428.5376000000003,22,0,0.0
burst,10,gbn,4,True,131072,bba8b065457a853a2a47600d22cafa61c76cd3ef6fc5ee49671b7e9a11408626,1.7527915591275627,0.598232,0.6483088,32,160,0,150,0.0,0.298828125,93.26355000000017,240.12,10,0,0.0
burst,10,sr,0,True,131072,bba8b065457a853a2a47600d22cafa61c76cd3ef6fc5ee49671b7e9a11408626,1.3534679311370321,0.7747328,0.8248096,7,135,0,128,0.0,0.09588623046875,62.006487500000055,240.12,7,0,0.0
burst,10,sr,1,True,131072,bba8b065457a853a2a47600d22cafa61c76cd3ef6fc5ee49671b7e9a11408626,1.0753884450220457,0.9750672,1.025144,20,148,0,128,0.0,0.201416015625,81.14265000000009,240.12000000000012,19,0,0.0
burst,10,sr,2,True,131072,bba8b065457a853a2a47600d22cafa61c76cd3ef6fc5ee49671b7e9a11408626,1.8474219364441296,0.5675888000000001,0.6176656000000001,3,131,0,128,0.0,0.06341552734375,56.11843750000006,51.702400000000026,3,0,0.0
burst,10,sr,3,True,131072,bba8b065457a853a2a47600d22cafa61c76cd3ef6fc5ee49671b7e9a11408626,1.3654698803213656,0.7679231999999999,0.818,13,141,0,128,0.0,0.14459228515625,70.83856250000007,240.12000000000003,13,0,0.0
burst,10,sr,4,True,131072,bba8b065457a853a2a47600d22cafa61c76cd3ef6fc5ee49671b7e9a11408626,1.7527915591275627,0.598232,0.6483088,10,138,0,128,0.0,0.1202392578125,66.42252500000006,240.12,10,0,0.0
burst,10,fixed,0,True,131072,bba8b065457a853a2a47600d22cafa61c76cd3ef6fc5ee49671b7e9a11408626,1.3446040213377104,0.77984,0.8299168,6,134,16,128,0.125,0.2176513671875,60.507875000000055,51.70240000000004,6,0,0.0
burst,10,fixed,1,True,131072,bba8b065457a853a2a47600d22cafa61c76cd3ef6fc5ee49671b7e9a11408626,1.2671503039490173,0.8275071999999998,0.8775839999999998,15,143,16,128,0.125,0.29071044921875,73.88898750000008,240.12000000000006,17,2,0.11764705882352941
burst,10,fixed,2,True,131072,bba8b065457a853a2a47600d22cafa61c76cd3ef6fc5ee49671b7e9a11408626,1.804132083522594,0.5812080000000001,0.6312848000000001,2,130,16,128,0.125,0.1851806640625,54.633125000000064,51.70240000000001,2,0,0.0
burst,10,fixed,3,True,131072,bba8b065457a853a2a47600d22cafa61c76cd3ef6fc5ee49671b7e9a11408626,1.2697625395250793,0.8258047999999998,0.8758815999999998,11,139,16,128,0.125,0.25823974609375,67.97433750000006,240.12000000000003,12,1,0.08333333333333333
burst,10,fixed,4,True,131072,bba8b065457a853a2a47600d22cafa61c76cd3ef6fc5ee49671b7e9a11408626,1.640733944035391,0.6390895999999998,0.6891663999999998,8,136,16,128,0.125,0.23388671875,63.51840000000005,240.12,9,1,0.1111111111111111
burst,10,adaptive,0,True,131072,bba8b065457a853a2a47600d22cafa61c76cd3ef6fc5ee49671b7e9a11408626,1.3534679311370321,0.7747328,0.8248096,7,135,0,200,0.0,0.09588623046875,62.006487500000055,240.12,7,0,0.0
burst,10,adaptive,1,True,131072,bba8b065457a853a2a47600d22cafa61c76cd3ef6fc5ee49671b7e9a11408626,1.0829514790278951,0.9682575999999999,1.0183343999999999,16,144,48,163,0.375,0.55859375,75.16150000000007,240.12,16,0,0.0
burst,10,adaptive,2,True,131072,bba8b065457a853a2a47600d22cafa61c76cd3ef6fc5ee49671b7e9a11408626,1.8474219364441296,0.5675888000000001,0.6176656000000001,3,131,0,226,0.0,0.06341552734375,56.11843750000006,51.702400000000026,3,0,0.0
burst,10,adaptive,3,True,131072,bba8b065457a853a2a47600d22cafa61c76cd3ef6fc5ee49671b7e9a11408626,1.2568079655114224,0.8343167999999997,0.8843935999999998,12,140,18,153,0.140625,0.2825927734375,69.52615000000006,240.12000000000003,13,1,0.07692307692307693
burst,10,adaptive,4,True,131072,bba8b065457a853a2a47600d22cafa61c76cd3ef6fc5ee49671b7e9a11408626,1.6764598292740955,0.6254703999999999,0.6755471999999999,10,138,2,211,0.015625,0.136474609375,66.42252500000006,240.12,10,0,0.0
changing,,gbn,0,True,524288,8911eff33b6756f8bf056bb38f11b67fcebc26b5d0ea96f36a7d210b46905f29,0.671496050083504,6.246208000000025,6.296284800000025,824,1336,0,1212,0.0,1.7113037109375,337.19857500000245,946.488000000004,38,0,0.0
changing,,gbn,1,True,524288,8911eff33b6756f8bf056bb38f11b67fcebc26b5d0ea96f36a7d210b46905f29,0.591272425278391,7.093691200000034,7.143768000000034,917,1429,0,1320,0.0,1.9000396728515625,365.5100656250023,1134.9056000000046,26,0,0.0
changing,,gbn,2,True,524288,8911eff33b6756f8bf056bb38f11b67fcebc26b5d0ea96f36a7d210b46905f29,0.6287986037784887,6.670345600000023,6.720422400000023,784,1296,0,1191,0.0,1.630126953125,325.4348500000013,1182.208000000001,38,0,0.0
changing,,gbn,3,True,524288,8911eff33b6756f8bf056bb38f11b67fcebc26b5d0ea96f36a7d210b46905f29,0.7033663349334586,5.963185600000032,6.013262400000032,771,1283,0,1182,0.0,1.6037445068359375,311.78160937500274,805.3728000000011,28,0,0.0
changing,,gbn,4,True,524288,8911eff33b6756f8bf056bb38f11b67fcebc26b5d0ea96f36a7d210b46905f29,0.47719757105154753,8.789449600000008,8.83952640000001,1242,1754,0,1614,0.0,2.559600830078125,485.1110812500005,1370.6256000000012,30,0,0.0
changing,,sr,0,True,524288,8911eff33b6756f8bf056bb38f11b67fcebc26b5d0ea96f36a7d210b46905f29,1.0088809727967265,4.15738240000001,4.20745920000001,46,558,0,512,0.0,0.132415771484375,68.63054375000044,240.12000000000012,38,0,0.0
changing,,sr,1,True,524288,8911eff33b6756f8bf056bb38f11b67fcebc26b5d0ea96f36a7d210b46905f29,1.3364016301261326,3.138505600000003,3.1885824000000027,22,534,0,512,0.0,0.083709716796875,59.79846875000068,51.70240000000015,21,0,0.0
changing,,sr,2,True,524288,8911eff33b6756f8bf056bb38f11b67fcebc26b5d0ea96f36a7d210b46905f29,1.2815600239940488,3.2728112000000062,3.322888000000006,37,549,0,512,0.0,0.1141510009765625,65.31851562500039,240.12000000000012,33,0,0.0
changing,,sr,3,True,524288,8911eff33b6756f8bf056bb38f11b67fcebc26b5d0ea96f36a7d210b46905f29,1.377937152222566,3.043900800000007,3.0939776000000068,20,532,0,512,0.0,0.07965087890625,59.06246250000044,51.70240000000015,18,0,0.0
changing,,sr,4,True,524288,8911eff33b6756f8bf056bb38f11b67fcebc26b5d0ea96f36a7d210b46905f29,1.0447717770055656,4.014564800000007,4.064641600000007,37,549,0,512,0.0,0.1141510009765625,65.31851562500047,240.12000000000012,29,0,0.0
changing,,fixed,0,True,524288,8911eff33b6756f8bf056bb38f11b67fcebc26b5d0ea96f36a7d210b46905f29,1.6393733779431479,2.558480000000009,2.608556800000009,15,527,64,512,0.125,0.1993865966796875,57.31887187500068,51.70240000000015,25,11,0.44
changing,,fixed,1,True,524288,8911eff33b6756f8bf056bb38f11b67fcebc26b5d0ea96f36a7d210b46905f29,1.7558287279310685,2.3887888000000093,2.438865600000009,10,522,64,510,0.125,0.189239501953125,55.63180625000069,51.70240000000015,24,15,0.625
changing,,fixed,2,True,524288,8911eff33b6756f8bf056bb38f11b67fcebc26b5d0ea96f36a7d210b46905f29,1.3793967138929395,3.040680000000012,3.090756800000012,24,536,64,512,0.125,0.2176513671875,60.54112500000065,56.80960000000024,31,10,0.3225806451612903
changing,,fixed,3,True,524288,8911eff33b6756f8bf056bb38f11b67fcebc26b5d0ea96f36a7d210b46905f29,1.6614842467533248,2.5244320000000067,2.5745088000000065,12,524,64,511,0.125,0.19329833984375,56.24478750000069,51.70240000000015,22,10,0.45454545454545453
changing,,fixed,4,True,524288,8911eff33b6756f8bf056bb38f11b67fcebc26b5d0ea96f36a7d210b46905f29,1.571517209751238,2.668952000000009,2.7190288000000087,22,534,64,509,0.125,0.213592529296875,59.99796875000063,63.61920000000065,37,15,0.40540540540540543
changing,,adaptive,0,True,524288,8911eff33b6756f8bf056bb38f11b67fcebc26b5d0ea96f36a7d210b46905f29,1.5119316428610474,2.7741360000000164,2.824212800000016,11,523,142,716,0.27734375,0.3495635986328125,56.059659375000685,55.107200000000354,28,18,0.6428571428571429
changing,,adaptive,1,True,524288,8911eff33b6756f8bf056bb38f11b67fcebc26b5d0ea96f36a7d210b46905f29,1.6523312175781975,2.5384160000000136,2.5884928000000134,10,522,198,739,0.38671875,0.461181640625,55.704956250000606,55.107200000000134,39,30,0.7692307692307693
changing,,adaptive,2,True,524288,8911eff33b6756f8bf056bb38f11b67fcebc26b5d0ea96f36a7d210b46905f29,1.4963214707495622,2.803076800000016,2.8531536000000157,19,531,146,713,0.28515625,0.3739166259765625,58.91058437500069,56.80960000000024,27,12,0.4444444444444444
changing,,adaptive,3,True,524288,8911eff33b6756f8bf056bb38f11b67fcebc26b5d0ea96f36a7d210b46905f29,1.4722757641519113,2.8488576000000134,2.8989344000000132,14,526,155,769,0.302734375,0.3820343017578125,57.067243750000635,55.107200000000354,32,19,0.59375
changing,,adaptive,4,True,524288,8911eff33b6756f8bf056bb38f11b67fcebc26b5d0ea96f36a7d210b46905f29,1.648146727710992,2.5448608000000137,2.5949376000000135,14,526,174,782,0.33984375,0.42059326171875,57.12709375000065,56.80960000000002,32,21,0.65625
