scenario,loss_percent,scheme,seeds,goodput_mbps_mean,goodput_mbps_std,completion_time_s_mean,completion_time_s_std,retransmissions_mean,retransmissions_std,parity_overhead_ratio_mean,parity_overhead_ratio_std,mean_delay_ms_mean,mean_delay_ms_std,p95_delay_ms_mean,p95_delay_ms_std,fec_recovery_ratio_mean,fec_recovery_ratio_std
sweep,0,gbn,5,2.5586607010393,0.0,0.4098143999999999,0.0,0,0.0,0.0,0.0,51.70240000000007,0.0,51.70240000000001,0.0,0.0,0.0
sweep,0,sr,5,2.5586607010393,0.0,0.4098143999999999,0.0,0,0.0,0.0,0.0,51.70240000000007,0.0,51.70240000000001,0.0,0.0,0.0
sweep,0,fixed,5,2.3266943586466446,0.0,0.45067199999999974,0.0,0,0.0,0.125,0.0,51.70240000000007,0.0,51.70240000000001,0.0,0.0,0.0
sweep,0,adaptive,5,2.5586607010393,0.0,0.4098143999999999,0.0,0,0.0,0.0,0.0,51.70240000000007,0.0,51.70240000000001,0.0,0.0,0.0
sweep,2,gbn,5,1.6158125904694773,0.6473097732622582,0.7395056000000002,0.29410347946095483,53,49.28488612140643,0.0,0.0,123.58453250000005,65.63670798626585,268.34304000000003,187.15659107508878,0.0,0.0
sweep,2,sr,5,1.7059755416543565,0.5529459170646311,0.66644896,0.20849108973912533,2,1.4142135623730951,0.0,0.0,54.646425000000065,2.081740041482723,51.70240000000003,1.2710574864626037e-14,0.0,0.0
sweep,2,fixed,5,2.200775174156225,0.26690662352649314,0.48324831999999973,0.06999173642103763,0.4,0.8944271909999159,0.125,0.0,52.37100500000007,1.361688548319694,51.70240000000001,0.0,0.7,0.4472135954999579
sweep,2,adaptive,5,1.7366941929941901,0.5292164132422058,0.6502156799999999,0.2007353509264176,1.8,1.4832396974191326,0.0125,0.020372507516258277,54.37862250000006,2.1661561567310286,51.70240000000003,1.2710574864626037e-14,0.1,0.22360679774997896
sweep,4,gbn,5,0.8449739239182494,0.23372120623973433,1.3421251200000026,0.47253785434806733,148.2,77.01428438932611,0.0,0.0,248.56857250000022,104.08167604629966,503.7462400000002,161.78589430567817,0.0,0.0
sweep,4,sr,5,1.1312465047828728,0.23112824511242594,0.9631504000000001,0.22487825932019334,7.4,3.4351128074635335,0.0,0.0,62.595292500000056,5.056528991496411,127.06944000000004,103.20056975098538,0.0,0.0
sweep,4,fixed,5,1.7057392702527125,0.39841849640205257,0.6404147199999999,0.1398606099658943,2.6,1.9493588689617927,0.125,0.0,55.73445250000006,2.9361042206840584,54.426240000000014,5.19162224819948,0.6757575757575758,0.19568344595106596
sweep,4,adaptive,5,1.2770525343817196,0.1079650670087507,0.8263759999999999,0.07818387891528536,6,2.0,0.1015625,0.18520733736140152,60.57703500000006,3.0188879080093347,127.06944000000003,103.20056975098538,0.13333333333333333,0.18257418583505536
sweep,6,gbn,5,0.605008197122,0.20404663732913894,1.9168384000000056,0.6889290873956792,247,112.92253982265896,0.0,0.0,395.5555175000009,158.04994350112239,927.7254400000018,411.3815321966319,0.0,0.0
sweep,6,sr,5,0.9700925821993431,0.17489073967383414,1.1118416000000002,0.2145205927957505,10.8,3.03315017762062,0.0,0.0,67.60013500000005,4.464834975834769,202.43648000000002,84.26291235147286,0.0,0.0
sweep,6,fixed,5,1.3244195237558982,0.276112908500885,0.8210012799999999,0.17996370347076107,6.6,3.361547262794322,0.125,0.0,61.53738250000006,4.8131703223956945,130.13376000000005,98.91755714314829,0.4176190476190476,0.24398431234651502
sweep,6,adaptive,5,1.235358243887725,0.08582122364663076,0.8522524799999998,0.06217248805727499,6.6,2.073644135332772,0.23125,0.16411829408425194,61.601222500000056,3.053450590282549,129.11232,101.36427960910096,0.3273809523809524,0.20611059158548553
sweep,8,gbn,5,0.45124928914773976,0.11629316746516151,2.4537097600000073,0.6530660843896058,308.6,123.47995788790989,0.0,0.0,479.9491375000011,173.17775657300922,993.6320000000023,141.24721233581923,0.0,0.0
sweep,8,sr,5,0.9133256970439944,0.18137722321193592,1.1872086400000004,0.2480310655087547,13,3.7416573867739413,0.0,0.0,70.83856250000005,5.5077664440485785,202.43648000000007,84.26291235147289,0.0,0.0
sweep,8,fixed,5,1.2088134981883458,0.3599035377028481,0.9323494400000001,0.2802019892796767,7.8,3.271085446759225,0.125,0.0,63.306457500000064,4.7283763153351,165.43392000000003,97.69494941721399,0.40274725274725276,0.16869762442417796
sweep,8,adaptive,5,1.156693898302125,0.18598565566046155,0.9286409600000008,0.17303562839267755,6.8,2.280350850198276,0.3234375,0.19045522665281464,61.90094500000005,3.194328863362781,163.39104000000006,99.68860896756462,0.39692307692307693,0.2916287662047531
sweep,10,gbn,5,0.3884341309844009,0.05277531682073224,2.7457174400000093,0.4272691236610118,356,80.941336781647,0.0,0.0,547.3574100000013,113.83511644857934,1003.0924800000016,138.86420067458744,0.0,0.0
sweep,10,sr,5,0.8743751657883421,0.20248040204981002,1.2561795200000008,0.3123423774491582,15.6,3.5777087639996634,0.0,0.0,74.66579500000006,5.266432021967059,240.1200000000001,8.987733679556355e-14,0.0,0.0
sweep,10,fixed,5,1.2472030400760437,0.2794447884172741,0.8695801599999999,0.16216883648583047,9.6,3.9115214431215892,0.125,0.0,65.99864000000005,5.682040087274167,203.45792,81.97890307653552,0.3851470588235294,0.19540045165042558
sweep,10,adaptive,5,1.1544920206603229,0.10179971932477738,0.9141100799999997,0.08298995971581143,7.6,2.1908902300206643,0.34375,0.17755184652130487,63.24879500000005,3.098704343269945,170.54111999999998,95.32232311663417,0.4910897435897436,0.1655299624680913
sweep,12,gbn,5,0.3219470392188753,0.07468080429247602,3.4050998400000108,0.8045936378368219,463.2,159.11536695115277,0.0,0.0,700.4269100000016,231.79204694996727,1219.7331200000026,283.4038179861957,0.0,0.0
sweep,12,sr,5,0.8071087299631324,0.12454057072193499,1.3281417600000007,0.23610917214705637,18.6,1.816590212458495,0.0,0.0,79.08183250000006,2.674043500116568,240.1200000000001,4.0194366942304644e-14,0.0,0.0
sweep,12,fixed,5,1.1692489366239682,0.2612269673262236,0.9252361599999999,0.1591480351033214,11.2,2.588435821108957,0.125,0.0,68.52410000000006,3.695665209816347,239.77952000000002,0.7613364249791494,0.3448830409356725,0.1161457467106953
sweep,12,adaptive,5,1.259366843620279,0.1970555030714474,0.8479359999999997,0.12376704642383611,7.6,1.9493588689617927,0.4484375,0.10105039159065639,63.26741500000006,2.8674935561773762,169.1792,97.18629707525648,0.5387912087912088,0.07647198978444067
sweep,14,gbn,5,0.3182084390238278,0.08022097835627814,3.4804668800000105,0.9304277464948879,474,174.4448336867561,0.0,0.0,716.3246450000015,254.40491625496705,1257.4166400000026,364.25025952711275,0.0,0.0
sweep,14,sr,5,0.8359007916443242,0.10355280667939079,1.2714281600000006,0.1719424186763938,20,2.0,0.0,0.0,81.14265000000007,2.944025000000007,240.12000000000015,1.1080822269842614e-13,0.0,0.0
sweep,14,fixed,5,1.1017587902660386,0.3087492234471386,1.0009436800000002,0.22265267555264667,12.6,3.7815340802378077,0.125,0.0,70.60885750000007,5.316781441787362,240.12000000000006,6.226884551155832e-14,0.3347170622635019,0.1530916074632885
sweep,14,adaptive,5,1.1807810724032357,0.27214600651986576,0.9266716800000008,0.2142793257361822,7.8,2.3874672772626644,0.475,0.1019224391081277,63.750112500000064,3.6397617186452926,170.20064,95.86203377170759,0.5996572871572872,0.09445246039618457
sweep,16,gbn,5,0.2853595426928243,0.08013881731287974,3.894985600000011,1.002495352933909,538,157.65151442342696,0.0,0.0,810.5334450000015,228.21144585577974,1558.8848000000028,496.23806845602064,0.0,0.0
sweep,16,sr,5,0.7559518412957716,0.172992902049019,1.4581433600000009,0.39425457352381943,24,3.5355339059327378,0.0,0.0,87.03070000000008,5.204350103706813,277.80352000000016,84.26291235147276,0.0,0.0
sweep,16,fixed,5,1.053566624951528,0.326829630735823,1.0528905600000003,0.23262973428684508,15.4,4.277849927241488,0.125,0.0,74.52567250000007,6.1652376500816715,240.12000000000006,1.016845989170083e-13,0.2706463127515759,0.16644206545406118
sweep,16,adaptive,5,1.2163248347079942,0.2844522853408502,0.8981443199999997,0.19284932694275078,9.6,4.03732584763727,0.525,0.044674932673424365,66.34710000000004,5.68823344198768,169.1792,97.18629707525646,0.5296556608913588,0.19646792314492256
sweep,18,gbn,5,0.23623027147450174,0.03928504749186841,4.526144960000012,0.6608060694894146,646.6,117.96948758047566,0.0,0.0,968.0288825000018,173.65256033705495,1813.2089600000038,472.92442264646144,0.0,0.0
sweep,18,sr,5,0.7237670290604608,0.10908210723566894,1.4713852800000007,0.1879272607482802,27.4,5.727128425310541,0.0,0.0,92.03554250000008,8.430404631162443,240.1200000000003,1.2710574864626038e-13,0.0,0.0
sweep,18,fixed,5,1.0104275974132737,0.3533472253025737,1.1139942400000007,0.27521231460028905,19.8,7.155417527999327,0.125,0.0,81.03976750000008,10.456662520021638,240.12000000000015,1.2453769102311664e-13,0.23912544802867383,0.14659985795188005
sweep,18,adaptive,5,1.2668197388484697,0.26584995238573644,0.8574694399999996,0.17800354753354786,9.2,3.271085446759225,0.55625,0.09590619399639942,66.08281500000004,4.748114132057797,203.79840000000002,81.21756665155637,0.6142142857142857,0.12231566722615542
sweep,20,gbn,5,0.18494869116499602,0.03875786602861737,5.8450681600000145,1.0541286967346495,831.8,163.63434847244022,0.0,0.0,1240.6455975000024,240.87180638078863,2039.310080000005,408.4796229334733,0.0,0.0
sweep,20,sr,5,0.6753001804777621,0.042856468347821024,1.5579881600000018,0.10325952773457835,31.4,4.61519230368573,0.0,0.0,97.9235925000001,6.793620760929209,315.48704000000015,103.2005697509852,0.0,0.0
sweep,20,fixed,5,0.7313071529718244,0.07601443544943527,1.448379200000001,0.1748747083261616,23.6,5.89915248150105,0.125,0.0,86.70257500000008,8.568159224036267,240.12000000000018,2.1495532565937809e-13,0.22539184952978056,0.09463098987785733
sweep,20,adaptive,5,1.037766717527476,0.3230072555319164,1.0774419200000016,0.27704223733985606,11,3.082207001484488,0.60625,0.12372395559268222,69.00109750000004,4.621663816417688,204.47936,79.69489380159814,0.6158897243107769,0.10632115399940481
burst,10,gbn,5,1.124404950926726,0.4456775583266872,1.0597363200000012,0.413799300808536,83.8,67.27703917385188,0.0,0.0,165.67047750000023,90.4377409585288,409.6166400000001,212.15663651210173,0.0,0.0
burst,10,sr,5,1.4789079504104272,0.31711440145320324,0.7367088,0.16356366400591543,10.6,6.4265076052238514,0.0,0.0,67.30573250000006,9.459899526234585,202.43648000000005,84.26291235147288,0.0,0.0
burst,10,fixed,5,1.4652765784739583,0.24374677770206588,0.7306899199999999,0.11354692807272235,8.4,4.929503017546495,0.125,0.0,64.10454500000006,7.309206641202381,164.75296000000003,103.2005697509854,0.06241830065359477,0.05841817487778175
burst,10,adaptive,5,1.4434218282789149,0.3124012273433413,0.75407328,0.16128850178147225,9.6,4.929503017546495,0.10625,0.16139951885770912,65.84702000000006,7.246063561948442,202.43648000000002,84.26291235147286,0.015384615384615385,0.034401045807689073
changing,,gbn,5,0.614426197025078,0.08766652050218256,6.9525760000000245,1.112600696090948,907.6,195.47199287877535,0.0,0.0,365.0072362500019,69.99544480078175,1087.9200000000023,218.43549429669136,0.0,0.0
changing,,sr,5,1.209910311229008,0.17106306204577684,3.5254329600000065,0.5205799190024619,32.4,11.058933040759403,0.0,0.0,63.62570125000048,4.069721918165153,164.75296000000014,103.20056975098538,0.0,0.0
changing,,fixed,5,1.6015200552543438,0.14060467122378967,2.636266560000009,0.2471950281975119,16.6,6.148170459575759,0.125,0.0,57.946911875000666,2.21292519794967,55.10720000000027,5.2471491993274055,0.44950630102243005,0.11064448960317881
changing,,adaptive,5,1.556201364610342,0.08701122742522692,2.7018694400000145,0.14869401860454307,13.6,3.5071355833500366,0.318359375,0.04517591213367335,56.97390750000065,1.247896420967668,55.78816000000022,0.9324428818967109,0.6213064713064713,0.11790527470690777
