case,name,model,seed,rng_seed,trials,failures,failure_rate
0,iid-p0-none-16-n16,independent,0,1000003,4000,0,0.0
0,iid-p0-none-16-n16,independent,1,1000004,4000,0,0.0
0,iid-p0-none-16-n16,independent,2,1000005,4000,0,0.0
0,iid-p0-none-16-n16,independent,3,1000006,4000,0,0.0
0,iid-p0-none-16-n16,independent,4,1000007,4000,0,0.0
1,iid-p0-xor-16-n16,independent,0,1100006,4000,0,0.0
1,iid-p0-xor-16-n16,independent,1,1100007,4000,0,0.0
1,iid-p0-xor-16-n16,independent,2,1100008,4000,0,0.0
1,iid-p0-xor-16-n16,independent,3,1100009,4000,0,0.0
1,iid-p0-xor-16-n16,independent,4,1100010,4000,0,0.0
2,iid-p0-xor-8-n8,independent,0,1200009,4000,0,0.0
2,iid-p0-xor-8-n8,independent,1,1200010,4000,0,0.0
2,iid-p0-xor-8-n8,independent,2,1200011,4000,0,0.0
2,iid-p0-xor-8-n8,independent,3,1200012,4000,0,0.0
2,iid-p0-xor-8-n8,independent,4,1200013,4000,0,0.0
3,iid-p0-xor-2-n2,independent,0,1300012,4000,0,0.0
3,iid-p0-xor-2-n2,independent,1,1300013,4000,0,0.0
3,iid-p0-xor-2-n2,independent,2,1300014,4000,0,0.0
3,iid-p0-xor-2-n2,independent,3,1300015,4000,0,0.0
3,iid-p0-xor-2-n2,independent,4,1300016,4000,0,0.0
4,iid-p0-grid-3x3-n9,independent,0,1400015,4000,0,0.0
4,iid-p0-grid-3x3-n9,independent,1,1400016,4000,0,0.0
4,iid-p0-grid-3x3-n9,independent,2,1400017,4000,0,0.0
4,iid-p0-grid-3x3-n9,independent,3,1400018,4000,0,0.0
4,iid-p0-grid-3x3-n9,independent,4,1400019,4000,0,0.0
5,iid-p0-grid-2x3-n6,independent,0,1500018,4000,0,0.0
5,iid-p0-grid-2x3-n6,independent,1,1500019,4000,0,0.0
5,iid-p0-grid-2x3-n6,independent,2,1500020,4000,0,0.0
5,iid-p0-grid-2x3-n6,independent,3,1500021,4000,0,0.0
5,iid-p0-grid-2x3-n6,independent,4,1500022,4000,0,0.0
6,iid-p0-grid-2x2-n4,independent,0,1600021,4000,0,0.0
6,iid-p0-grid-2x2-n4,independent,1,1600022,4000,0,0.0
6,iid-p0-grid-2x2-n4,independent,2,1600023,4000,0,0.0
6,iid-p0-grid-2x2-n4,independent,3,1600024,4000,0,0.0
6,iid-p0-grid-2x2-n4,independent,4,1600025,4000,0,0.0
7,iid-p0-grid-3x3-n5,independent,0,1700024,4000,0,0.0
7,iid-p0-grid-3x3-n5,independent,1,1700025,4000,0,0.0
7,iid-p0-grid-3x3-n5,independent,2,1700026,4000,0,0.0
7,iid-p0-grid-3x3-n5,independent,3,1700027,4000,0,0.0
7,iid-p0-grid-3x3-n5,independent,4,1700028,4000,0,0.0
8,iid-p0-grid-2x2-n1,independent,0,1800027,4000,0,0.0
8,iid-p0-grid-2x2-n1,independent,1,1800028,4000,0,0.0
8,iid-p0-grid-2x2-n1,independent,2,1800029,4000,0,0.0
8,iid-p0-grid-2x2-n1,independent,3,1800030,4000,0,0.0
8,iid-p0-grid-2x2-n1,independent,4,1800031,4000,0,0.0
9,iid-p0.01-none-16-n16,independent,0,1900030,4000,638,0.1595
9,iid-p0.01-none-16-n16,independent,1,1900031,4000,585,0.14625
9,iid-p0.01-none-16-n16,independent,2,1900032,4000,623,0.15575
9,iid-p0.01-none-16-n16,independent,3,1900033,4000,595,0.14875
9,iid-p0.01-none-16-n16,independent,4,1900034,4000,576,0.144
10,iid-p0.01-xor-16-n16,independent,0,2000033,4000,48,0.012
10,iid-p0.01-xor-16-n16,independent,1,2000034,4000,45,0.01125
10,iid-p0.01-xor-16-n16,independent,2,2000035,4000,46,0.0115
10,iid-p0.01-xor-16-n16,independent,3,2000036,4000,56,0.014
10,iid-p0.01-xor-16-n16,independent,4,2000037,4000,44,0.011
11,iid-p0.01-xor-8-n8,independent,0,2100036,4000,9,0.00225
11,iid-p0.01-xor-8-n8,independent,1,2100037,4000,12,0.003
11,iid-p0.01-xor-8-n8,independent,2,2100038,4000,14,0.0035
11,iid-p0.01-xor-8-n8,independent,3,2100039,4000,6,0.0015
11,iid-p0.01-xor-8-n8,independent,4,2100040,4000,17,0.00425
12,iid-p0.01-xor-2-n2,independent,0,2200039,4000,2,0.0005
12,iid-p0.01-xor-2-n2,independent,1,2200040,4000,0,0.0
12,iid-p0.01-xor-2-n2,independent,2,2200041,4000,1,0.00025
12,iid-p0.01-xor-2-n2,independent,3,2200042,4000,0,0.0
12,iid-p0.01-xor-2-n2,independent,4,2200043,4000,2,0.0005
13,iid-p0.01-grid-3x3-n9,independent,0,2300042,4000,0,0.0
13,iid-p0.01-grid-3x3-n9,independent,1,2300043,4000,0,0.0
13,iid-p0.01-grid-3x3-n9,independent,2,2300044,4000,0,0.0
13,iid-p0.01-grid-3x3-n9,independent,3,2300045,4000,0,0.0
13,iid-p0.01-grid-3x3-n9,independent,4,2300046,4000,0,0.0
14,iid-p0.01-grid-2x3-n6,independent,0,2400045,4000,0,0.0
14,iid-p0.01-grid-2x3-n6,independent,1,2400046,4000,0,0.0
14,iid-p0.01-grid-2x3-n6,independent,2,2400047,4000,0,0.0
14,iid-p0.01-grid-2x3-n6,independent,3,2400048,4000,0,0.0
14,iid-p0.01-grid-2x3-n6,independent,4,2400049,4000,0,0.0
15,iid-p0.01-grid-2x2-n4,independent,0,2500048,4000,0,0.0
15,iid-p0.01-grid-2x2-n4,independent,1,2500049,4000,0,0.0
15,iid-p0.01-grid-2x2-n4,independent,2,2500050,4000,0,0.0
15,iid-p0.01-grid-2x2-n4,independent,3,2500051,4000,0,0.0
15,iid-p0.01-grid-2x2-n4,independent,4,2500052,4000,0,0.0
16,iid-p0.01-grid-3x3-n5,independent,0,2600051,4000,0,0.0
16,iid-p0.01-grid-3x3-n5,independent,1,2600052,4000,0,0.0
16,iid-p0.01-grid-3x3-n5,independent,2,2600053,4000,0,0.0
16,iid-p0.01-grid-3x3-n5,independent,3,2600054,4000,0,0.0
16,iid-p0.01-grid-3x3-n5,independent,4,2600055,4000,0,0.0
17,iid-p0.01-grid-2x2-n1,independent,0,2700054,4000,0,0.0
17,iid-p0.01-grid-2x2-n1,independent,1,2700055,4000,0,0.0
17,iid-p0.01-grid-2x2-n1,independent,2,2700056,4000,0,0.0
17,iid-p0.01-grid-2x2-n1,independent,3,2700057,4000,0,0.0
17,iid-p0.01-grid-2x2-n1,independent,4,2700058,4000,0,0.0
18,iid-p0.03-none-16-n16,independent,0,2800057,4000,1591,0.39775
18,iid-p0.03-none-16-n16,independent,1,2800058,4000,1544,0.386
18,iid-p0.03-none-16-n16,independent,2,2800059,4000,1506,0.3765
18,iid-p0.03-none-16-n16,independent,3,2800060,4000,1530,0.3825
18,iid-p0.03-none-16-n16,independent,4,2800061,4000,1560,0.39
19,iid-p0.03-xor-16-n16,independent,0,2900060,4000,359,0.08975
19,iid-p0.03-xor-16-n16,independent,1,2900061,4000,329,0.08225
19,iid-p0.03-xor-16-n16,independent,2,2900062,4000,390,0.0975
19,iid-p0.03-xor-16-n16,independent,3,2900063,4000,356,0.089
19,iid-p0.03-xor-16-n16,independent,4,2900064,4000,369,0.09225
20,iid-p0.03-xor-8-n8,independent,0,3000063,4000,112,0.028
20,iid-p0.03-xor-8-n8,independent,1,3000064,4000,118,0.0295
20,iid-p0.03-xor-8-n8,independent,2,3000065,4000,118,0.0295
20,iid-p0.03-xor-8-n8,independent,3,3000066,4000,108,0.027
20,iid-p0.03-xor-8-n8,independent,4,3000067,4000,118,0.0295
21,iid-p0.03-xor-2-n2,independent,0,3100066,4000,12,0.003
21,iid-p0.03-xor-2-n2,independent,1,3100067,4000,10,0.0025
21,iid-p0.03-xor-2-n2,independent,2,3100068,4000,7,0.00175
21,iid-p0.03-xor-2-n2,independent,3,3100069,4000,10,0.0025
21,iid-p0.03-xor-2-n2,independent,4,3100070,4000,12,0.003
22,iid-p0.03-grid-3x3-n9,independent,0,3200069,4000,1,0.00025
22,iid-p0.03-grid-3x3-n9,independent,1,3200070,4000,0,0.0
22,iid-p0.03-grid-3x3-n9,independent,2,3200071,4000,2,0.0005
22,iid-p0.03-grid-3x3-n9,independent,3,3200072,4000,2,0.0005
22,iid-p0.03-grid-3x3-n9,independent,4,3200073,4000,0,0.0
23,iid-p0.03-grid-2x3-n6,independent,0,3300072,4000,1,0.00025
23,iid-p0.03-grid-2x3-n6,independent,1,3300073,4000,0,0.0
23,iid-p0.03-grid-2x3-n6,independent,2,3300074,4000,2,0.0005
23,iid-p0.03-grid-2x3-n6,independent,3,3300075,4000,1,0.00025
23,iid-p0.03-grid-2x3-n6,independent,4,3300076,4000,2,0.0005
24,iid-p0.03-grid-2x2-n4,independent,0,3400075,4000,0,0.0
24,iid-p0.03-grid-2x2-n4,independent,1,3400076,4000,0,0.0
24,iid-p0.03-grid-2x2-n4,independent,2,3400077,4000,0,0.0
24,iid-p0.03-grid-2x2-n4,independent,3,3400078,4000,0,0.0
24,iid-p0.03-grid-2x2-n4,independent,4,3400079,4000,0,0.0
25,iid-p0.03-grid-3x3-n5,independent,0,3500078,4000,0,0.0
25,iid-p0.03-grid-3x3-n5,independent,1,3500079,4000,1,0.00025
25,iid-p0.03-grid-3x3-n5,independent,2,3500080,4000,2,0.0005
25,iid-p0.03-grid-3x3-n5,independent,3,3500081,4000,2,0.0005
25,iid-p0.03-grid-3x3-n5,independent,4,3500082,4000,1,0.00025
26,iid-p0.03-grid-2x2-n1,independent,0,3600081,4000,0,0.0
26,iid-p0.03-grid-2x2-n1,independent,1,3600082,4000,0,0.0
26,iid-p0.03-grid-2x2-n1,independent,2,3600083,4000,0,0.0
26,iid-p0.03-grid-2x2-n1,independent,3,3600084,4000,0,0.0
26,iid-p0.03-grid-2x2-n1,independent,4,3600085,4000,0,0.0
27,iid-p0.1-none-16-n16,independent,0,3700084,4000,3258,0.8145
27,iid-p0.1-none-16-n16,independent,1,3700085,4000,3262,0.8155
27,iid-p0.1-none-16-n16,independent,2,3700086,4000,3277,0.81925
27,iid-p0.1-none-16-n16,independent,3,3700087,4000,3227,0.80675
27,iid-p0.1-none-16-n16,independent,4,3700088,4000,3276,0.819
28,iid-p0.1-xor-16-n16,independent,0,3800087,4000,2006,0.5015
28,iid-p0.1-xor-16-n16,independent,1,3800088,4000,2058,0.5145
28,iid-p0.1-xor-16-n16,independent,2,3800089,4000,2064,0.516
28,iid-p0.1-xor-16-n16,independent,3,3800090,4000,2102,0.5255
28,iid-p0.1-xor-16-n16,independent,4,3800091,4000,2065,0.51625
29,iid-p0.1-xor-8-n8,independent,0,3900090,4000,920,0.23
29,iid-p0.1-xor-8-n8,independent,1,3900091,4000,844,0.211
29,iid-p0.1-xor-8-n8,independent,2,3900092,4000,901,0.22525
29,iid-p0.1-xor-8-n8,independent,3,3900093,4000,914,0.2285
29,iid-p0.1-xor-8-n8,independent,4,3900094,4000,924,0.231
30,iid-p0.1-xor-2-n2,independent,0,4000093,4000,115,0.02875
30,iid-p0.1-xor-2-n2,independent,1,4000094,4000,119,0.02975
30,iid-p0.1-xor-2-n2,independent,2,4000095,4000,116,0.029
30,iid-p0.1-xor-2-n2,independent,3,4000096,4000,121,0.03025
30,iid-p0.1-xor-2-n2,independent,4,4000097,4000,103,0.02575
31,iid-p0.1-grid-3x3-n9,independent,0,4100096,4000,37,0.00925
31,iid-p0.1-grid-3x3-n9,independent,1,4100097,4000,36,0.009
31,iid-p0.1-grid-3x3-n9,independent,2,4100098,4000,46,0.0115
31,iid-p0.1-grid-3x3-n9,independent,3,4100099,4000,52,0.013
31,iid-p0.1-grid-3x3-n9,independent,4,4100100,4000,55,0.01375
32,iid-p0.1-grid-2x3-n6,independent,0,4200099,4000,31,0.00775
32,iid-p0.1-grid-2x3-n6,independent,1,4200100,4000,33,0.00825
32,iid-p0.1-grid-2x3-n6,independent,2,4200101,4000,33,0.00825
32,iid-p0.1-grid-2x3-n6,independent,3,4200102,4000,24,0.006
32,iid-p0.1-grid-2x3-n6,independent,4,4200103,4000,26,0.0065
33,iid-p0.1-grid-2x2-n4,independent,0,4300102,4000,15,0.00375
33,iid-p0.1-grid-2x2-n4,independent,1,4300103,4000,20,0.005
33,iid-p0.1-grid-2x2-n4,independent,2,4300104,4000,14,0.0035
33,iid-p0.1-grid-2x2-n4,independent,3,4300105,4000,14,0.0035
33,iid-p0.1-grid-2x2-n4,independent,4,4300106,4000,18,0.0045
34,iid-p0.1-grid-3x3-n5,independent,0,4400105,4000,16,0.004
34,iid-p0.1-grid-3x3-n5,independent,1,4400106,4000,27,0.00675
34,iid-p0.1-grid-3x3-n5,independent,2,4400107,4000,20,0.005
34,iid-p0.1-grid-3x3-n5,independent,3,4400108,4000,27,0.00675
34,iid-p0.1-grid-3x3-n5,independent,4,4400109,4000,25,0.00625
35,iid-p0.1-grid-2x2-n1,independent,0,4500108,4000,7,0.00175
35,iid-p0.1-grid-2x2-n1,independent,1,4500109,4000,3,0.00075
35,iid-p0.1-grid-2x2-n1,independent,2,4500110,4000,2,0.0005
35,iid-p0.1-grid-2x2-n1,independent,3,4500111,4000,6,0.0015
35,iid-p0.1-grid-2x2-n1,independent,4,4500112,4000,4,0.001
36,iid-p0.2-none-16-n16,independent,0,4600111,4000,3885,0.97125
36,iid-p0.2-none-16-n16,independent,1,4600112,4000,3901,0.97525
36,iid-p0.2-none-16-n16,independent,2,4600113,4000,3900,0.975
36,iid-p0.2-none-16-n16,independent,3,4600114,4000,3882,0.9705
36,iid-p0.2-none-16-n16,independent,4,4600115,4000,3897,0.97425
37,iid-p0.2-xor-16-n16,independent,0,4700114,4000,3541,0.88525
37,iid-p0.2-xor-16-n16,independent,1,4700115,4000,3516,0.879
37,iid-p0.2-xor-16-n16,independent,2,4700116,4000,3509,0.87725
37,iid-p0.2-xor-16-n16,independent,3,4700117,4000,3523,0.88075
37,iid-p0.2-xor-16-n16,independent,4,4700118,4000,3507,0.87675
38,iid-p0.2-xor-8-n8,independent,0,4800117,4000,2255,0.56375
38,iid-p0.2-xor-8-n8,independent,1,4800118,4000,2275,0.56875
38,iid-p0.2-xor-8-n8,independent,2,4800119,4000,2282,0.5705
38,iid-p0.2-xor-8-n8,independent,3,4800120,4000,2307,0.57675
38,iid-p0.2-xor-8-n8,independent,4,4800121,4000,2263,0.56575
39,iid-p0.2-xor-2-n2,independent,0,4900120,4000,420,0.105
39,iid-p0.2-xor-2-n2,independent,1,4900121,4000,403,0.10075
39,iid-p0.2-xor-2-n2,independent,2,4900122,4000,392,0.098
39,iid-p0.2-xor-2-n2,independent,3,4900123,4000,399,0.09975
39,iid-p0.2-xor-2-n2,independent,4,4900124,4000,411,0.10275
40,iid-p0.2-grid-3x3-n9,independent,0,5000123,4000,394,0.0985
40,iid-p0.2-grid-3x3-n9,independent,1,5000124,4000,387,0.09675
40,iid-p0.2-grid-3x3-n9,independent,2,5000125,4000,411,0.10275
40,iid-p0.2-grid-3x3-n9,independent,3,5000126,4000,404,0.101
40,iid-p0.2-grid-3x3-n9,independent,4,5000127,4000,423,0.10575
41,iid-p0.2-grid-2x3-n6,independent,0,5100126,4000,243,0.06075
41,iid-p0.2-grid-2x3-n6,independent,1,5100127,4000,245,0.06125
41,iid-p0.2-grid-2x3-n6,independent,2,5100128,4000,260,0.065
41,iid-p0.2-grid-2x3-n6,independent,3,5100129,4000,226,0.0565
41,iid-p0.2-grid-2x3-n6,independent,4,5100130,4000,245,0.06125
42,iid-p0.2-grid-2x2-n4,independent,0,5200129,4000,143,0.03575
42,iid-p0.2-grid-2x2-n4,independent,1,5200130,4000,128,0.032
42,iid-p0.2-grid-2x2-n4,independent,2,5200131,4000,169,0.04225
42,iid-p0.2-grid-2x2-n4,independent,3,5200132,4000,142,0.0355
42,iid-p0.2-grid-2x2-n4,independent,4,5200133,4000,147,0.03675
43,iid-p0.2-grid-3x3-n5,independent,0,5300132,4000,186,0.0465
43,iid-p0.2-grid-3x3-n5,independent,1,5300133,4000,200,0.05
43,iid-p0.2-grid-3x3-n5,independent,2,5300134,4000,186,0.0465
43,iid-p0.2-grid-3x3-n5,independent,3,5300135,4000,185,0.04625
43,iid-p0.2-grid-3x3-n5,independent,4,5300136,4000,195,0.04875
44,iid-p0.2-grid-2x2-n1,independent,0,5400135,4000,35,0.00875
44,iid-p0.2-grid-2x2-n1,independent,1,5400136,4000,35,0.00875
44,iid-p0.2-grid-2x2-n1,independent,2,5400137,4000,31,0.00775
44,iid-p0.2-grid-2x2-n1,independent,3,5400138,4000,32,0.008
44,iid-p0.2-grid-2x2-n1,independent,4,5400139,4000,30,0.0075
45,iid-p0.5-none-16-n16,independent,0,5500138,4000,4000,1.0
45,iid-p0.5-none-16-n16,independent,1,5500139,4000,4000,1.0
45,iid-p0.5-none-16-n16,independent,2,5500140,4000,4000,1.0
45,iid-p0.5-none-16-n16,independent,3,5500141,4000,4000,1.0
45,iid-p0.5-none-16-n16,independent,4,5500142,4000,4000,1.0
46,iid-p0.5-xor-16-n16,independent,0,5600141,4000,4000,1.0
46,iid-p0.5-xor-16-n16,independent,1,5600142,4000,4000,1.0
46,iid-p0.5-xor-16-n16,independent,2,5600143,4000,4000,1.0
46,iid-p0.5-xor-16-n16,independent,3,5600144,4000,3999,0.99975
46,iid-p0.5-xor-16-n16,independent,4,5600145,4000,3998,0.9995
47,iid-p0.5-xor-8-n8,independent,0,5700144,4000,3925,0.98125
47,iid-p0.5-xor-8-n8,independent,1,5700145,4000,3927,0.98175
47,iid-p0.5-xor-8-n8,independent,2,5700146,4000,3918,0.9795
47,iid-p0.5-xor-8-n8,independent,3,5700147,4000,3917,0.97925
47,iid-p0.5-xor-8-n8,independent,4,5700148,4000,3918,0.9795
48,iid-p0.5-xor-2-n2,independent,0,5800147,4000,2021,0.50525
48,iid-p0.5-xor-2-n2,independent,1,5800148,4000,1991,0.49775
48,iid-p0.5-xor-2-n2,independent,2,5800149,4000,1975,0.49375
48,iid-p0.5-xor-2-n2,independent,3,5800150,4000,2021,0.50525
48,iid-p0.5-xor-2-n2,independent,4,5800151,4000,2023,0.50575
49,iid-p0.5-grid-3x3-n9,independent,0,5900150,4000,3311,0.82775
49,iid-p0.5-grid-3x3-n9,independent,1,5900151,4000,3278,0.8195
49,iid-p0.5-grid-3x3-n9,independent,2,5900152,4000,3292,0.823
49,iid-p0.5-grid-3x3-n9,independent,3,5900153,4000,3288,0.822
49,iid-p0.5-grid-3x3-n9,independent,4,5900154,4000,3277,0.81925
50,iid-p0.5-grid-2x3-n6,independent,0,6000153,4000,2606,0.6515
50,iid-p0.5-grid-2x3-n6,independent,1,6000154,4000,2669,0.66725
50,iid-p0.5-grid-2x3-n6,independent,2,6000155,4000,2660,0.665
50,iid-p0.5-grid-2x3-n6,independent,3,6000156,4000,2618,0.6545
50,iid-p0.5-grid-2x3-n6,independent,4,6000157,4000,2665,0.66625
51,iid-p0.5-grid-2x2-n4,independent,0,6100156,4000,1875,0.46875
51,iid-p0.5-grid-2x2-n4,independent,1,6100157,4000,1899,0.47475
51,iid-p0.5-grid-2x2-n4,independent,2,6100158,4000,1870,0.4675
51,iid-p0.5-grid-2x2-n4,independent,3,6100159,4000,1935,0.48375
51,iid-p0.5-grid-2x2-n4,independent,4,6100160,4000,1905,0.47625
52,iid-p0.5-grid-3x3-n5,independent,0,6200159,4000,2220,0.555
52,iid-p0.5-grid-3x3-n5,independent,1,6200160,4000,2201,0.55025
52,iid-p0.5-grid-3x3-n5,independent,2,6200161,4000,2231,0.55775
52,iid-p0.5-grid-3x3-n5,independent,3,6200162,4000,2252,0.563
52,iid-p0.5-grid-3x3-n5,independent,4,6200163,4000,2245,0.56125
53,iid-p0.5-grid-2x2-n1,independent,0,6300162,4000,498,0.1245
53,iid-p0.5-grid-2x2-n1,independent,1,6300163,4000,501,0.12525
53,iid-p0.5-grid-2x2-n1,independent,2,6300164,4000,552,0.138
53,iid-p0.5-grid-2x2-n1,independent,3,6300165,4000,473,0.11825
53,iid-p0.5-grid-2x2-n1,independent,4,6300166,4000,530,0.1325
54,iid-p1-none-16-n16,independent,0,6400165,4000,4000,1.0
54,iid-p1-none-16-n16,independent,1,6400166,4000,4000,1.0
54,iid-p1-none-16-n16,independent,2,6400167,4000,4000,1.0
54,iid-p1-none-16-n16,independent,3,6400168,4000,4000,1.0
54,iid-p1-none-16-n16,independent,4,6400169,4000,4000,1.0
55,iid-p1-xor-16-n16,independent,0,6500168,4000,4000,1.0
55,iid-p1-xor-16-n16,independent,1,6500169,4000,4000,1.0
55,iid-p1-xor-16-n16,independent,2,6500170,4000,4000,1.0
55,iid-p1-xor-16-n16,independent,3,6500171,4000,4000,1.0
55,iid-p1-xor-16-n16,independent,4,6500172,4000,4000,1.0
56,iid-p1-xor-8-n8,independent,0,6600171,4000,4000,1.0
56,iid-p1-xor-8-n8,independent,1,6600172,4000,4000,1.0
56,iid-p1-xor-8-n8,independent,2,6600173,4000,4000,1.0
56,iid-p1-xor-8-n8,independent,3,6600174,4000,4000,1.0
56,iid-p1-xor-8-n8,independent,4,6600175,4000,4000,1.0
57,iid-p1-xor-2-n2,independent,0,6700174,4000,4000,1.0
57,iid-p1-xor-2-n2,independent,1,6700175,4000,4000,1.0
57,iid-p1-xor-2-n2,independent,2,6700176,4000,4000,1.0
57,iid-p1-xor-2-n2,independent,3,6700177,4000,4000,1.0
57,iid-p1-xor-2-n2,independent,4,6700178,4000,4000,1.0
58,iid-p1-grid-3x3-n9,independent,0,6800177,4000,4000,1.0
58,iid-p1-grid-3x3-n9,independent,1,6800178,4000,4000,1.0
58,iid-p1-grid-3x3-n9,independent,2,6800179,4000,4000,1.0
58,iid-p1-grid-3x3-n9,independent,3,6800180,4000,4000,1.0
58,iid-p1-grid-3x3-n9,independent,4,6800181,4000,4000,1.0
59,iid-p1-grid-2x3-n6,independent,0,6900180,4000,4000,1.0
59,iid-p1-grid-2x3-n6,independent,1,6900181,4000,4000,1.0
59,iid-p1-grid-2x3-n6,independent,2,6900182,4000,4000,1.0
59,iid-p1-grid-2x3-n6,independent,3,6900183,4000,4000,1.0
59,iid-p1-grid-2x3-n6,independent,4,6900184,4000,4000,1.0
60,iid-p1-grid-2x2-n4,independent,0,7000183,4000,4000,1.0
60,iid-p1-grid-2x2-n4,independent,1,7000184,4000,4000,1.0
60,iid-p1-grid-2x2-n4,independent,2,7000185,4000,4000,1.0
60,iid-p1-grid-2x2-n4,independent,3,7000186,4000,4000,1.0
60,iid-p1-grid-2x2-n4,independent,4,7000187,4000,4000,1.0
61,iid-p1-grid-3x3-n5,independent,0,7100186,4000,4000,1.0
61,iid-p1-grid-3x3-n5,independent,1,7100187,4000,4000,1.0
61,iid-p1-grid-3x3-n5,independent,2,7100188,4000,4000,1.0
61,iid-p1-grid-3x3-n5,independent,3,7100189,4000,4000,1.0
61,iid-p1-grid-3x3-n5,independent,4,7100190,4000,4000,1.0
62,iid-p1-grid-2x2-n1,independent,0,7200189,4000,4000,1.0
62,iid-p1-grid-2x2-n1,independent,1,7200190,4000,4000,1.0
62,iid-p1-grid-2x2-n1,independent,2,7200191,4000,4000,1.0
62,iid-p1-grid-2x2-n1,independent,3,7200192,4000,4000,1.0
62,iid-p1-grid-2x2-n1,independent,4,7200193,4000,4000,1.0
63,markov-p0.03-b0.2-stationary-xor-8-n8,binary_markov,0,7300192,4000,207,0.05175
63,markov-p0.03-b0.2-stationary-xor-8-n8,binary_markov,1,7300193,4000,220,0.055
63,markov-p0.03-b0.2-stationary-xor-8-n8,binary_markov,2,7300194,4000,240,0.06
63,markov-p0.03-b0.2-stationary-xor-8-n8,binary_markov,3,7300195,4000,231,0.05775
63,markov-p0.03-b0.2-stationary-xor-8-n8,binary_markov,4,7300196,4000,237,0.05925
64,markov-p0.03-b0.2-stationary-xor-2-n2,binary_markov,0,7400195,4000,119,0.02975
64,markov-p0.03-b0.2-stationary-xor-2-n2,binary_markov,1,7400196,4000,124,0.031
64,markov-p0.03-b0.2-stationary-xor-2-n2,binary_markov,2,7400197,4000,103,0.02575
64,markov-p0.03-b0.2-stationary-xor-2-n2,binary_markov,3,7400198,4000,136,0.034
64,markov-p0.03-b0.2-stationary-xor-2-n2,binary_markov,4,7400199,4000,126,0.0315
65,markov-p0.03-b0.2-stationary-grid-3x3-n9,binary_markov,0,7500198,4000,112,0.028
65,markov-p0.03-b0.2-stationary-grid-3x3-n9,binary_markov,1,7500199,4000,130,0.0325
65,markov-p0.03-b0.2-stationary-grid-3x3-n9,binary_markov,2,7500200,4000,104,0.026
65,markov-p0.03-b0.2-stationary-grid-3x3-n9,binary_markov,3,7500201,4000,133,0.03325
65,markov-p0.03-b0.2-stationary-grid-3x3-n9,binary_markov,4,7500202,4000,102,0.0255
66,markov-p0.03-b0.2-stationary-grid-2x2-n4,binary_markov,0,7600201,4000,95,0.02375
66,markov-p0.03-b0.2-stationary-grid-2x2-n4,binary_markov,1,7600202,4000,84,0.021
66,markov-p0.03-b0.2-stationary-grid-2x2-n4,binary_markov,2,7600203,4000,86,0.0215
66,markov-p0.03-b0.2-stationary-grid-2x2-n4,binary_markov,3,7600204,4000,107,0.02675
66,markov-p0.03-b0.2-stationary-grid-2x2-n4,binary_markov,4,7600205,4000,72,0.018
67,markov-p0.03-b0.2-stationary-grid-3x3-n5,binary_markov,0,7700204,4000,101,0.02525
67,markov-p0.03-b0.2-stationary-grid-3x3-n5,binary_markov,1,7700205,4000,91,0.02275
67,markov-p0.03-b0.2-stationary-grid-3x3-n5,binary_markov,2,7700206,4000,77,0.01925
67,markov-p0.03-b0.2-stationary-grid-3x3-n5,binary_markov,3,7700207,4000,114,0.0285
67,markov-p0.03-b0.2-stationary-grid-3x3-n5,binary_markov,4,7700208,4000,80,0.02
68,markov-p0.03-b0.2-after-received-xor-8-n8,binary_markov,0,7800207,4000,160,0.04
68,markov-p0.03-b0.2-after-received-xor-8-n8,binary_markov,1,7800208,4000,169,0.04225
68,markov-p0.03-b0.2-after-received-xor-8-n8,binary_markov,2,7800209,4000,150,0.0375
68,markov-p0.03-b0.2-after-received-xor-8-n8,binary_markov,3,7800210,4000,143,0.03575
68,markov-p0.03-b0.2-after-received-xor-8-n8,binary_markov,4,7800211,4000,138,0.0345
69,markov-p0.03-b0.2-after-received-xor-2-n2,binary_markov,0,7900210,4000,37,0.00925
69,markov-p0.03-b0.2-after-received-xor-2-n2,binary_markov,1,7900211,4000,41,0.01025
69,markov-p0.03-b0.2-after-received-xor-2-n2,binary_markov,2,7900212,4000,41,0.01025
69,markov-p0.03-b0.2-after-received-xor-2-n2,binary_markov,3,7900213,4000,38,0.0095
69,markov-p0.03-b0.2-after-received-xor-2-n2,binary_markov,4,7900214,4000,36,0.009
70,markov-p0.03-b0.2-after-received-grid-3x3-n9,binary_markov,0,8000213,4000,68,0.017
70,markov-p0.03-b0.2-after-received-grid-3x3-n9,binary_markov,1,8000214,4000,96,0.024
70,markov-p0.03-b0.2-after-received-grid-3x3-n9,binary_markov,2,8000215,4000,94,0.0235
70,markov-p0.03-b0.2-after-received-grid-3x3-n9,binary_markov,3,8000216,4000,89,0.02225
70,markov-p0.03-b0.2-after-received-grid-3x3-n9,binary_markov,4,8000217,4000,63,0.01575
71,markov-p0.03-b0.2-after-received-grid-2x2-n4,binary_markov,0,8100216,4000,50,0.0125
71,markov-p0.03-b0.2-after-received-grid-2x2-n4,binary_markov,1,8100217,4000,45,0.01125
71,markov-p0.03-b0.2-after-received-grid-2x2-n4,binary_markov,2,8100218,4000,66,0.0165
71,markov-p0.03-b0.2-after-received-grid-2x2-n4,binary_markov,3,8100219,4000,34,0.0085
71,markov-p0.03-b0.2-after-received-grid-2x2-n4,binary_markov,4,8100220,4000,42,0.0105
72,markov-p0.03-b0.2-after-received-grid-3x3-n5,binary_markov,0,8200219,4000,45,0.01125
72,markov-p0.03-b0.2-after-received-grid-3x3-n5,binary_markov,1,8200220,4000,43,0.01075
72,markov-p0.03-b0.2-after-received-grid-3x3-n5,binary_markov,2,8200221,4000,57,0.01425
72,markov-p0.03-b0.2-after-received-grid-3x3-n5,binary_markov,3,8200222,4000,47,0.01175
72,markov-p0.03-b0.2-after-received-grid-3x3-n5,binary_markov,4,8200223,4000,47,0.01175
73,markov-p0.03-b0.2-after-lost-xor-8-n8,binary_markov,0,8300222,4000,2571,0.64275
73,markov-p0.03-b0.2-after-lost-xor-8-n8,binary_markov,1,8300223,4000,2551,0.63775
73,markov-p0.03-b0.2-after-lost-xor-8-n8,binary_markov,2,8300224,4000,2616,0.654
73,markov-p0.03-b0.2-after-lost-xor-8-n8,binary_markov,3,8300225,4000,2665,0.66625
73,markov-p0.03-b0.2-after-lost-xor-8-n8,binary_markov,4,8300226,4000,2519,0.62975
74,markov-p0.03-b0.2-after-lost-xor-2-n2,binary_markov,0,8400225,4000,2561,0.64025
74,markov-p0.03-b0.2-after-lost-xor-2-n2,binary_markov,1,8400226,4000,2571,0.64275
74,markov-p0.03-b0.2-after-lost-xor-2-n2,binary_markov,2,8400227,4000,2545,0.63625
74,markov-p0.03-b0.2-after-lost-xor-2-n2,binary_markov,3,8400228,4000,2582,0.6455
74,markov-p0.03-b0.2-after-lost-xor-2-n2,binary_markov,4,8400229,4000,2533,0.63325
75,markov-p0.03-b0.2-after-lost-grid-3x3-n9,binary_markov,0,8500228,4000,1418,0.3545
75,markov-p0.03-b0.2-after-lost-grid-3x3-n9,binary_markov,1,8500229,4000,1404,0.351
75,markov-p0.03-b0.2-after-lost-grid-3x3-n9,binary_markov,2,8500230,4000,1378,0.3445
75,markov-p0.03-b0.2-after-lost-grid-3x3-n9,binary_markov,3,8500231,4000,1333,0.33325
75,markov-p0.03-b0.2-after-lost-grid-3x3-n9,binary_markov,4,8500232,4000,1344,0.336
76,markov-p0.03-b0.2-after-lost-grid-2x2-n4,binary_markov,0,8600231,4000,1674,0.4185
76,markov-p0.03-b0.2-after-lost-grid-2x2-n4,binary_markov,1,8600232,4000,1655,0.41375
76,markov-p0.03-b0.2-after-lost-grid-2x2-n4,binary_markov,2,8600233,4000,1699,0.42475
76,markov-p0.03-b0.2-after-lost-grid-2x2-n4,binary_markov,3,8600234,4000,1650,0.4125
76,markov-p0.03-b0.2-after-lost-grid-2x2-n4,binary_markov,4,8600235,4000,1714,0.4285
77,markov-p0.03-b0.2-after-lost-grid-3x3-n5,binary_markov,0,8700234,4000,1322,0.3305
77,markov-p0.03-b0.2-after-lost-grid-3x3-n5,binary_markov,1,8700235,4000,1324,0.331
77,markov-p0.03-b0.2-after-lost-grid-3x3-n5,binary_markov,2,8700236,4000,1323,0.33075
77,markov-p0.03-b0.2-after-lost-grid-3x3-n5,binary_markov,3,8700237,4000,1305,0.32625
77,markov-p0.03-b0.2-after-lost-grid-3x3-n5,binary_markov,4,8700238,4000,1416,0.354
78,markov-p0.03-b0.5-stationary-xor-8-n8,binary_markov,0,8800237,4000,283,0.07075
78,markov-p0.03-b0.5-stationary-xor-8-n8,binary_markov,1,8800238,4000,267,0.06675
78,markov-p0.03-b0.5-stationary-xor-8-n8,binary_markov,2,8800239,4000,265,0.06625
78,markov-p0.03-b0.5-stationary-xor-8-n8,binary_markov,3,8800240,4000,297,0.07425
78,markov-p0.03-b0.5-stationary-xor-8-n8,binary_markov,4,8800241,4000,278,0.0695
79,markov-p0.03-b0.5-stationary-xor-2-n2,binary_markov,0,8900240,4000,84,0.021
79,markov-p0.03-b0.5-stationary-xor-2-n2,binary_markov,1,8900241,4000,83,0.02075
79,markov-p0.03-b0.5-stationary-xor-2-n2,binary_markov,2,8900242,4000,87,0.02175
79,markov-p0.03-b0.5-stationary-xor-2-n2,binary_markov,3,8900243,4000,87,0.02175
79,markov-p0.03-b0.5-stationary-xor-2-n2,binary_markov,4,8900244,4000,100,0.025
80,markov-p0.03-b0.5-stationary-grid-3x3-n9,binary_markov,0,9000243,4000,36,0.009
80,markov-p0.03-b0.5-stationary-grid-3x3-n9,binary_markov,1,9000244,4000,37,0.00925
80,markov-p0.03-b0.5-stationary-grid-3x3-n9,binary_markov,2,9000245,4000,32,0.008
80,markov-p0.03-b0.5-stationary-grid-3x3-n9,binary_markov,3,9000246,4000,38,0.0095
80,markov-p0.03-b0.5-stationary-grid-3x3-n9,binary_markov,4,9000247,4000,31,0.00775
81,markov-p0.03-b0.5-stationary-grid-2x2-n4,binary_markov,0,9100246,4000,33,0.00825
81,markov-p0.03-b0.5-stationary-grid-2x2-n4,binary_markov,1,9100247,4000,40,0.01
81,markov-p0.03-b0.5-stationary-grid-2x2-n4,binary_markov,2,9100248,4000,31,0.00775
81,markov-p0.03-b0.5-stationary-grid-2x2-n4,binary_markov,3,9100249,4000,15,0.00375
81,markov-p0.03-b0.5-stationary-grid-2x2-n4,binary_markov,4,9100250,4000,34,0.0085
82,markov-p0.03-b0.5-stationary-grid-3x3-n5,binary_markov,0,9200249,4000,21,0.00525
82,markov-p0.03-b0.5-stationary-grid-3x3-n5,binary_markov,1,9200250,4000,29,0.00725
82,markov-p0.03-b0.5-stationary-grid-3x3-n5,binary_markov,2,9200251,4000,27,0.00675
82,markov-p0.03-b0.5-stationary-grid-3x3-n5,binary_markov,3,9200252,4000,25,0.00625
82,markov-p0.03-b0.5-stationary-grid-3x3-n5,binary_markov,4,9200253,4000,18,0.0045
83,markov-p0.03-b0.5-after-received-xor-8-n8,binary_markov,0,9300252,4000,238,0.0595
83,markov-p0.03-b0.5-after-received-xor-8-n8,binary_markov,1,9300253,4000,257,0.06425
83,markov-p0.03-b0.5-after-received-xor-8-n8,binary_markov,2,9300254,4000,245,0.06125
83,markov-p0.03-b0.5-after-received-xor-8-n8,binary_markov,3,9300255,4000,235,0.05875
83,markov-p0.03-b0.5-after-received-xor-8-n8,binary_markov,4,9300256,4000,221,0.05525
84,markov-p0.03-b0.5-after-received-xor-2-n2,binary_markov,0,9400255,4000,79,0.01975
84,markov-p0.03-b0.5-after-received-xor-2-n2,binary_markov,1,9400256,4000,55,0.01375
84,markov-p0.03-b0.5-after-received-xor-2-n2,binary_markov,2,9400257,4000,64,0.016
84,markov-p0.03-b0.5-after-received-xor-2-n2,binary_markov,3,9400258,4000,59,0.01475
84,markov-p0.03-b0.5-after-received-xor-2-n2,binary_markov,4,9400259,4000,51,0.01275
85,markov-p0.03-b0.5-after-received-grid-3x3-n9,binary_markov,0,9500258,4000,35,0.00875
85,markov-p0.03-b0.5-after-received-grid-3x3-n9,binary_markov,1,9500259,4000,40,0.01
85,markov-p0.03-b0.5-after-received-grid-3x3-n9,binary_markov,2,9500260,4000,22,0.0055
85,markov-p0.03-b0.5-after-received-grid-3x3-n9,binary_markov,3,9500261,4000,26,0.0065
85,markov-p0.03-b0.5-after-received-grid-3x3-n9,binary_markov,4,9500262,4000,28,0.007
86,markov-p0.03-b0.5-after-received-grid-2x2-n4,binary_markov,0,9600261,4000,19,0.00475
86,markov-p0.03-b0.5-after-received-grid-2x2-n4,binary_markov,1,9600262,4000,24,0.006
86,markov-p0.03-b0.5-after-received-grid-2x2-n4,binary_markov,2,9600263,4000,22,0.0055
86,markov-p0.03-b0.5-after-received-grid-2x2-n4,binary_markov,3,9600264,4000,18,0.0045
86,markov-p0.03-b0.5-after-received-grid-2x2-n4,binary_markov,4,9600265,4000,26,0.0065
87,markov-p0.03-b0.5-after-received-grid-3x3-n5,binary_markov,0,9700264,4000,19,0.00475
87,markov-p0.03-b0.5-after-received-grid-3x3-n5,binary_markov,1,9700265,4000,18,0.0045
87,markov-p0.03-b0.5-after-received-grid-3x3-n5,binary_markov,2,9700266,4000,17,0.00425
87,markov-p0.03-b0.5-after-received-grid-3x3-n5,binary_markov,3,9700267,4000,11,0.00275
87,markov-p0.03-b0.5-after-received-grid-3x3-n5,binary_markov,4,9700268,4000,20,0.005
88,markov-p0.03-b0.5-after-lost-xor-8-n8,binary_markov,0,9800267,4000,1221,0.30525
88,markov-p0.03-b0.5-after-lost-xor-8-n8,binary_markov,1,9800268,4000,1253,0.31325
88,markov-p0.03-b0.5-after-lost-xor-8-n8,binary_markov,2,9800269,4000,1208,0.302
88,markov-p0.03-b0.5-after-lost-xor-8-n8,binary_markov,3,9800270,4000,1270,0.3175
88,markov-p0.03-b0.5-after-lost-xor-8-n8,binary_markov,4,9800271,4000,1222,0.3055
89,markov-p0.03-b0.5-after-lost-xor-2-n2,binary_markov,0,9900270,4000,1021,0.25525
89,markov-p0.03-b0.5-after-lost-xor-2-n2,binary_markov,1,9900271,4000,992,0.248
89,markov-p0.03-b0.5-after-lost-xor-2-n2,binary_markov,2,9900272,4000,1003,0.25075
89,markov-p0.03-b0.5-after-lost-xor-2-n2,binary_markov,3,9900273,4000,1068,0.267
89,markov-p0.03-b0.5-after-lost-xor-2-n2,binary_markov,4,9900274,4000,1034,0.2585
90,markov-p0.03-b0.5-after-lost-grid-3x3-n9,binary_markov,0,10000273,4000,182,0.0455
90,markov-p0.03-b0.5-after-lost-grid-3x3-n9,binary_markov,1,10000274,4000,195,0.04875
90,markov-p0.03-b0.5-after-lost-grid-3x3-n9,binary_markov,2,10000275,4000,187,0.04675
90,markov-p0.03-b0.5-after-lost-grid-3x3-n9,binary_markov,3,10000276,4000,200,0.05
90,markov-p0.03-b0.5-after-lost-grid-3x3-n9,binary_markov,4,10000277,4000,185,0.04625
91,markov-p0.03-b0.5-after-lost-grid-2x2-n4,binary_markov,0,10100276,4000,326,0.0815
91,markov-p0.03-b0.5-after-lost-grid-2x2-n4,binary_markov,1,10100277,4000,243,0.06075
91,markov-p0.03-b0.5-after-lost-grid-2x2-n4,binary_markov,2,10100278,4000,258,0.0645
91,markov-p0.03-b0.5-after-lost-grid-2x2-n4,binary_markov,3,10100279,4000,267,0.06675
91,markov-p0.03-b0.5-after-lost-grid-2x2-n4,binary_markov,4,10100280,4000,271,0.06775
92,markov-p0.03-b0.5-after-lost-grid-3x3-n5,binary_markov,0,10200279,4000,151,0.03775
92,markov-p0.03-b0.5-after-lost-grid-3x3-n5,binary_markov,1,10200280,4000,175,0.04375
92,markov-p0.03-b0.5-after-lost-grid-3x3-n5,binary_markov,2,10200281,4000,163,0.04075
92,markov-p0.03-b0.5-after-lost-grid-3x3-n5,binary_markov,3,10200282,4000,181,0.04525
92,markov-p0.03-b0.5-after-lost-grid-3x3-n5,binary_markov,4,10200283,4000,154,0.0385
93,markov-p0.1-b0.2-stationary-xor-8-n8,binary_markov,0,10300282,4000,765,0.19125
93,markov-p0.1-b0.2-stationary-xor-8-n8,binary_markov,1,10300283,4000,758,0.1895
93,markov-p0.1-b0.2-stationary-xor-8-n8,binary_markov,2,10300284,4000,719,0.17975
93,markov-p0.1-b0.2-stationary-xor-8-n8,binary_markov,3,10300285,4000,751,0.18775
93,markov-p0.1-b0.2-stationary-xor-8-n8,binary_markov,4,10300286,4000,832,0.208
94,markov-p0.1-b0.2-stationary-xor-2-n2,binary_markov,0,10400285,4000,401,0.10025
94,markov-p0.1-b0.2-stationary-xor-2-n2,binary_markov,1,10400286,4000,360,0.09
94,markov-p0.1-b0.2-stationary-xor-2-n2,binary_markov,2,10400287,4000,380,0.095
94,markov-p0.1-b0.2-stationary-xor-2-n2,binary_markov,3,10400288,4000,386,0.0965
94,markov-p0.1-b0.2-stationary-xor-2-n2,binary_markov,4,10400289,4000,389,0.09725
95,markov-p0.1-b0.2-stationary-grid-3x3-n9,binary_markov,0,10500288,4000,434,0.1085
95,markov-p0.1-b0.2-stationary-grid-3x3-n9,binary_markov,1,10500289,4000,418,0.1045
95,markov-p0.1-b0.2-stationary-grid-3x3-n9,binary_markov,2,10500290,4000,381,0.09525
95,markov-p0.1-b0.2-stationary-grid-3x3-n9,binary_markov,3,10500291,4000,388,0.097
95,markov-p0.1-b0.2-stationary-grid-3x3-n9,binary_markov,4,10500292,4000,406,0.1015
96,markov-p0.1-b0.2-stationary-grid-2x2-n4,binary_markov,0,10600291,4000,316,0.079
96,markov-p0.1-b0.2-stationary-grid-2x2-n4,binary_markov,1,10600292,4000,314,0.0785
96,markov-p0.1-b0.2-stationary-grid-2x2-n4,binary_markov,2,10600293,4000,324,0.081
96,markov-p0.1-b0.2-stationary-grid-2x2-n4,binary_markov,3,10600294,4000,318,0.0795
96,markov-p0.1-b0.2-stationary-grid-2x2-n4,binary_markov,4,10600295,4000,315,0.07875
97,markov-p0.1-b0.2-stationary-grid-3x3-n5,binary_markov,0,10700294,4000,283,0.07075
97,markov-p0.1-b0.2-stationary-grid-3x3-n5,binary_markov,1,10700295,4000,311,0.07775
97,markov-p0.1-b0.2-stationary-grid-3x3-n5,binary_markov,2,10700296,4000,285,0.07125
97,markov-p0.1-b0.2-stationary-grid-3x3-n5,binary_markov,3,10700297,4000,332,0.083
97,markov-p0.1-b0.2-stationary-grid-3x3-n5,binary_markov,4,10700298,4000,284,0.071
98,markov-p0.1-b0.2-after-received-xor-8-n8,binary_markov,0,10800297,4000,568,0.142
98,markov-p0.1-b0.2-after-received-xor-8-n8,binary_markov,1,10800298,4000,535,0.13375
98,markov-p0.1-b0.2-after-received-xor-8-n8,binary_markov,2,10800299,4000,510,0.1275
98,markov-p0.1-b0.2-after-received-xor-8-n8,binary_markov,3,10800300,4000,530,0.1325
98,markov-p0.1-b0.2-after-received-xor-8-n8,binary_markov,4,10800301,4000,535,0.13375
99,markov-p0.1-b0.2-after-received-xor-2-n2,binary_markov,0,10900300,4000,144,0.036
99,markov-p0.1-b0.2-after-received-xor-2-n2,binary_markov,1,10900301,4000,119,0.02975
99,markov-p0.1-b0.2-after-received-xor-2-n2,binary_markov,2,10900302,4000,125,0.03125
99,markov-p0.1-b0.2-after-received-xor-2-n2,binary_markov,3,10900303,4000,156,0.039
99,markov-p0.1-b0.2-after-received-xor-2-n2,binary_markov,4,10900304,4000,137,0.03425
100,markov-p0.1-b0.2-after-received-grid-3x3-n9,binary_markov,0,11000303,4000,245,0.06125
100,markov-p0.1-b0.2-after-received-grid-3x3-n9,binary_markov,1,11000304,4000,296,0.074
100,markov-p0.1-b0.2-after-received-grid-3x3-n9,binary_markov,2,11000305,4000,249,0.06225
100,markov-p0.1-b0.2-after-received-grid-3x3-n9,binary_markov,3,11000306,4000,333,0.08325
100,markov-p0.1-b0.2-after-received-grid-3x3-n9,binary_markov,4,11000307,4000,274,0.0685
101,markov-p0.1-b0.2-after-received-grid-2x2-n4,binary_markov,0,11100306,4000,165,0.04125
101,markov-p0.1-b0.2-after-received-grid-2x2-n4,binary_markov,1,11100307,4000,173,0.04325
101,markov-p0.1-b0.2-after-received-grid-2x2-n4,binary_markov,2,11100308,4000,163,0.04075
101,markov-p0.1-b0.2-after-received-grid-2x2-n4,binary_markov,3,11100309,4000,173,0.04325
101,markov-p0.1-b0.2-after-received-grid-2x2-n4,binary_markov,4,11100310,4000,165,0.04125
102,markov-p0.1-b0.2-after-received-grid-3x3-n5,binary_markov,0,11200309,4000,181,0.04525
102,markov-p0.1-b0.2-after-received-grid-3x3-n5,binary_markov,1,11200310,4000,157,0.03925
102,markov-p0.1-b0.2-after-received-grid-3x3-n5,binary_markov,2,11200311,4000,176,0.044
102,markov-p0.1-b0.2-after-received-grid-3x3-n5,binary_markov,3,11200312,4000,181,0.04525
102,markov-p0.1-b0.2-after-received-grid-3x3-n5,binary_markov,4,11200313,4000,154,0.0385
103,markov-p0.1-b0.2-after-lost-xor-8-n8,binary_markov,0,11300312,4000,2730,0.6825
103,markov-p0.1-b0.2-after-lost-xor-8-n8,binary_markov,1,11300313,4000,2777,0.69425
103,markov-p0.1-b0.2-after-lost-xor-8-n8,binary_markov,2,11300314,4000,2745,0.68625
103,markov-p0.1-b0.2-after-lost-xor-8-n8,binary_markov,3,11300315,4000,2753,0.68825
103,markov-p0.1-b0.2-after-lost-xor-8-n8,binary_markov,4,11300316,4000,2809,0.70225
104,markov-p0.1-b0.2-after-lost-xor-2-n2,binary_markov,0,11400315,4000,2607,0.65175
104,markov-p0.1-b0.2-after-lost-xor-2-n2,binary_markov,1,11400316,4000,2639,0.65975
104,markov-p0.1-b0.2-after-lost-xor-2-n2,binary_markov,2,11400317,4000,2547,0.63675
104,markov-p0.1-b0.2-after-lost-xor-2-n2,binary_markov,3,11400318,4000,2546,0.6365
104,markov-p0.1-b0.2-after-lost-xor-2-n2,binary_markov,4,11400319,4000,2626,0.6565
105,markov-p0.1-b0.2-after-lost-grid-3x3-n9,binary_markov,0,11500318,4000,1603,0.40075
105,markov-p0.1-b0.2-after-lost-grid-3x3-n9,binary_markov,1,11500319,4000,1529,0.38225
105,markov-p0.1-b0.2-after-lost-grid-3x3-n9,binary_markov,2,11500320,4000,1589,0.39725
105,markov-p0.1-b0.2-after-lost-grid-3x3-n9,binary_markov,3,11500321,4000,1563,0.39075
105,markov-p0.1-b0.2-after-lost-grid-3x3-n9,binary_markov,4,11500322,4000,1581,0.39525
106,markov-p0.1-b0.2-after-lost-grid-2x2-n4,binary_markov,0,11600321,4000,1728,0.432
106,markov-p0.1-b0.2-after-lost-grid-2x2-n4,binary_markov,1,11600322,4000,1778,0.4445
106,markov-p0.1-b0.2-after-lost-grid-2x2-n4,binary_markov,2,11600323,4000,1731,0.43275
106,markov-p0.1-b0.2-after-lost-grid-2x2-n4,binary_markov,3,11600324,4000,1672,0.418
106,markov-p0.1-b0.2-after-lost-grid-2x2-n4,binary_markov,4,11600325,4000,1768,0.442
107,markov-p0.1-b0.2-after-lost-grid-3x3-n5,binary_markov,0,11700324,4000,1463,0.36575
107,markov-p0.1-b0.2-after-lost-grid-3x3-n5,binary_markov,1,11700325,4000,1455,0.36375
107,markov-p0.1-b0.2-after-lost-grid-3x3-n5,binary_markov,2,11700326,4000,1460,0.365
107,markov-p0.1-b0.2-after-lost-grid-3x3-n5,binary_markov,3,11700327,4000,1486,0.3715
107,markov-p0.1-b0.2-after-lost-grid-3x3-n5,binary_markov,4,11700328,4000,1451,0.36275
108,markov-p0.1-b0.5-stationary-xor-8-n8,binary_markov,0,11800327,4000,960,0.24
108,markov-p0.1-b0.5-stationary-xor-8-n8,binary_markov,1,11800328,4000,981,0.24525
108,markov-p0.1-b0.5-stationary-xor-8-n8,binary_markov,2,11800329,4000,1007,0.25175
108,markov-p0.1-b0.5-stationary-xor-8-n8,binary_markov,3,11800330,4000,947,0.23675
108,markov-p0.1-b0.5-stationary-xor-8-n8,binary_markov,4,11800331,4000,966,0.2415
109,markov-p0.1-b0.5-stationary-xor-2-n2,binary_markov,0,11900330,4000,310,0.0775
109,markov-p0.1-b0.5-stationary-xor-2-n2,binary_markov,1,11900331,4000,304,0.076
109,markov-p0.1-b0.5-stationary-xor-2-n2,binary_markov,2,11900332,4000,316,0.079
109,markov-p0.1-b0.5-stationary-xor-2-n2,binary_markov,3,11900333,4000,300,0.075
109,markov-p0.1-b0.5-stationary-xor-2-n2,binary_markov,4,11900334,4000,291,0.07275
110,markov-p0.1-b0.5-stationary-grid-3x3-n9,binary_markov,0,12000333,4000,205,0.05125
110,markov-p0.1-b0.5-stationary-grid-3x3-n9,binary_markov,1,12000334,4000,203,0.05075
110,markov-p0.1-b0.5-stationary-grid-3x3-n9,binary_markov,2,12000335,4000,182,0.0455
110,markov-p0.1-b0.5-stationary-grid-3x3-n9,binary_markov,3,12000336,4000,175,0.04375
110,markov-p0.1-b0.5-stationary-grid-3x3-n9,binary_markov,4,12000337,4000,174,0.0435
111,markov-p0.1-b0.5-stationary-grid-2x2-n4,binary_markov,0,12100336,4000,115,0.02875
111,markov-p0.1-b0.5-stationary-grid-2x2-n4,binary_markov,1,12100337,4000,108,0.027
111,markov-p0.1-b0.5-stationary-grid-2x2-n4,binary_markov,2,12100338,4000,126,0.0315
111,markov-p0.1-b0.5-stationary-grid-2x2-n4,binary_markov,3,12100339,4000,104,0.026
111,markov-p0.1-b0.5-stationary-grid-2x2-n4,binary_markov,4,12100340,4000,116,0.029
112,markov-p0.1-b0.5-stationary-grid-3x3-n5,binary_markov,0,12200339,4000,140,0.035
112,markov-p0.1-b0.5-stationary-grid-3x3-n5,binary_markov,1,12200340,4000,96,0.024
112,markov-p0.1-b0.5-stationary-grid-3x3-n5,binary_markov,2,12200341,4000,100,0.025
112,markov-p0.1-b0.5-stationary-grid-3x3-n5,binary_markov,3,12200342,4000,110,0.0275
112,markov-p0.1-b0.5-stationary-grid-3x3-n5,binary_markov,4,12200343,4000,135,0.03375
113,markov-p0.1-b0.5-after-received-xor-8-n8,binary_markov,0,12300342,4000,830,0.2075
113,markov-p0.1-b0.5-after-received-xor-8-n8,binary_markov,1,12300343,4000,806,0.2015
113,markov-p0.1-b0.5-after-received-xor-8-n8,binary_markov,2,12300344,4000,910,0.2275
113,markov-p0.1-b0.5-after-received-xor-8-n8,binary_markov,3,12300345,4000,886,0.2215
113,markov-p0.1-b0.5-after-received-xor-8-n8,binary_markov,4,12300346,4000,859,0.21475
114,markov-p0.1-b0.5-after-received-xor-2-n2,binary_markov,0,12400345,4000,215,0.05375
114,markov-p0.1-b0.5-after-received-xor-2-n2,binary_markov,1,12400346,4000,192,0.048
114,markov-p0.1-b0.5-after-received-xor-2-n2,binary_markov,2,12400347,4000,231,0.05775
114,markov-p0.1-b0.5-after-received-xor-2-n2,binary_markov,3,12400348,4000,218,0.0545
114,markov-p0.1-b0.5-after-received-xor-2-n2,binary_markov,4,12400349,4000,225,0.05625
115,markov-p0.1-b0.5-after-received-grid-3x3-n9,binary_markov,0,12500348,4000,162,0.0405
115,markov-p0.1-b0.5-after-received-grid-3x3-n9,binary_markov,1,12500349,4000,180,0.045
115,markov-p0.1-b0.5-after-received-grid-3x3-n9,binary_markov,2,12500350,4000,168,0.042
115,markov-p0.1-b0.5-after-received-grid-3x3-n9,binary_markov,3,12500351,4000,156,0.039
115,markov-p0.1-b0.5-after-received-grid-3x3-n9,binary_markov,4,12500352,4000,139,0.03475
116,markov-p0.1-b0.5-after-received-grid-2x2-n4,binary_markov,0,12600351,4000,103,0.02575
116,markov-p0.1-b0.5-after-received-grid-2x2-n4,binary_markov,1,12600352,4000,73,0.01825
116,markov-p0.1-b0.5-after-received-grid-2x2-n4,binary_markov,2,12600353,4000,90,0.0225
116,markov-p0.1-b0.5-after-received-grid-2x2-n4,binary_markov,3,12600354,4000,101,0.02525
116,markov-p0.1-b0.5-after-received-grid-2x2-n4,binary_markov,4,12600355,4000,93,0.02325
117,markov-p0.1-b0.5-after-received-grid-3x3-n5,binary_markov,0,12700354,4000,86,0.0215
117,markov-p0.1-b0.5-after-received-grid-3x3-n5,binary_markov,1,12700355,4000,102,0.0255
117,markov-p0.1-b0.5-after-received-grid-3x3-n5,binary_markov,2,12700356,4000,86,0.0215
117,markov-p0.1-b0.5-after-received-grid-3x3-n5,binary_markov,3,12700357,4000,93,0.02325
117,markov-p0.1-b0.5-after-received-grid-3x3-n5,binary_markov,4,12700358,4000,81,0.02025
118,markov-p0.1-b0.5-after-lost-xor-8-n8,binary_markov,0,12800357,4000,1703,0.42575
118,markov-p0.1-b0.5-after-lost-xor-8-n8,binary_markov,1,12800358,4000,1705,0.42625
118,markov-p0.1-b0.5-after-lost-xor-8-n8,binary_markov,2,12800359,4000,1709,0.42725
118,markov-p0.1-b0.5-after-lost-xor-8-n8,binary_markov,3,12800360,4000,1692,0.423
118,markov-p0.1-b0.5-after-lost-xor-8-n8,binary_markov,4,12800361,4000,1683,0.42075
119,markov-p0.1-b0.5-after-lost-xor-2-n2,binary_markov,0,12900360,4000,1137,0.28425
119,markov-p0.1-b0.5-after-lost-xor-2-n2,binary_markov,1,12900361,4000,1069,0.26725
119,markov-p0.1-b0.5-after-lost-xor-2-n2,binary_markov,2,12900362,4000,1126,0.2815
119,markov-p0.1-b0.5-after-lost-xor-2-n2,binary_markov,3,12900363,4000,1059,0.26475
119,markov-p0.1-b0.5-after-lost-xor-2-n2,binary_markov,4,12900364,4000,1065,0.26625
120,markov-p0.1-b0.5-after-lost-grid-3x3-n9,binary_markov,0,13000363,4000,412,0.103
120,markov-p0.1-b0.5-after-lost-grid-3x3-n9,binary_markov,1,13000364,4000,365,0.09125
120,markov-p0.1-b0.5-after-lost-grid-3x3-n9,binary_markov,2,13000365,4000,390,0.0975
120,markov-p0.1-b0.5-after-lost-grid-3x3-n9,binary_markov,3,13000366,4000,397,0.09925
120,markov-p0.1-b0.5-after-lost-grid-3x3-n9,binary_markov,4,13000367,4000,360,0.09
121,markov-p0.1-b0.5-after-lost-grid-2x2-n4,binary_markov,0,13100366,4000,375,0.09375
121,markov-p0.1-b0.5-after-lost-grid-2x2-n4,binary_markov,1,13100367,4000,319,0.07975
121,markov-p0.1-b0.5-after-lost-grid-2x2-n4,binary_markov,2,13100368,4000,361,0.09025
121,markov-p0.1-b0.5-after-lost-grid-2x2-n4,binary_markov,3,13100369,4000,377,0.09425
121,markov-p0.1-b0.5-after-lost-grid-2x2-n4,binary_markov,4,13100370,4000,372,0.093
122,markov-p0.1-b0.5-after-lost-grid-3x3-n5,binary_markov,0,13200369,4000,282,0.0705
122,markov-p0.1-b0.5-after-lost-grid-3x3-n5,binary_markov,1,13200370,4000,255,0.06375
122,markov-p0.1-b0.5-after-lost-grid-3x3-n5,binary_markov,2,13200371,4000,268,0.067
122,markov-p0.1-b0.5-after-lost-grid-3x3-n5,binary_markov,3,13200372,4000,284,0.071
122,markov-p0.1-b0.5-after-lost-grid-3x3-n5,binary_markov,4,13200373,4000,306,0.0765
123,markov-p0.2-b0.2-stationary-xor-8-n8,binary_markov,0,13300372,4000,1534,0.3835
123,markov-p0.2-b0.2-stationary-xor-8-n8,binary_markov,1,13300373,4000,1512,0.378
123,markov-p0.2-b0.2-stationary-xor-8-n8,binary_markov,2,13300374,4000,1585,0.39625
123,markov-p0.2-b0.2-stationary-xor-8-n8,binary_markov,3,13300375,4000,1451,0.36275
123,markov-p0.2-b0.2-stationary-xor-8-n8,binary_markov,4,13300376,4000,1500,0.375
124,markov-p0.2-b0.2-stationary-xor-2-n2,binary_markov,0,13400375,4000,773,0.19325
124,markov-p0.2-b0.2-stationary-xor-2-n2,binary_markov,1,13400376,4000,799,0.19975
124,markov-p0.2-b0.2-stationary-xor-2-n2,binary_markov,2,13400377,4000,721,0.18025
124,markov-p0.2-b0.2-stationary-xor-2-n2,binary_markov,3,13400378,4000,741,0.18525
124,markov-p0.2-b0.2-stationary-xor-2-n2,binary_markov,4,13400379,4000,779,0.19475
125,markov-p0.2-b0.2-stationary-grid-3x3-n9,binary_markov,0,13500378,4000,954,0.2385
125,markov-p0.2-b0.2-stationary-grid-3x3-n9,binary_markov,1,13500379,4000,883,0.22075
125,markov-p0.2-b0.2-stationary-grid-3x3-n9,binary_markov,2,13500380,4000,885,0.22125
125,markov-p0.2-b0.2-stationary-grid-3x3-n9,binary_markov,3,13500381,4000,886,0.2215
125,markov-p0.2-b0.2-stationary-grid-3x3-n9,binary_markov,4,13500382,4000,908,0.227
126,markov-p0.2-b0.2-stationary-grid-2x2-n4,binary_markov,0,13600381,4000,639,0.15975
126,markov-p0.2-b0.2-stationary-grid-2x2-n4,binary_markov,1,13600382,4000,677,0.16925
126,markov-p0.2-b0.2-stationary-grid-2x2-n4,binary_markov,2,13600383,4000,654,0.1635
126,markov-p0.2-b0.2-stationary-grid-2x2-n4,binary_markov,3,13600384,4000,640,0.16
126,markov-p0.2-b0.2-stationary-grid-2x2-n4,binary_markov,4,13600385,4000,655,0.16375
127,markov-p0.2-b0.2-stationary-grid-3x3-n5,binary_markov,0,13700384,4000,639,0.15975
127,markov-p0.2-b0.2-stationary-grid-3x3-n5,binary_markov,1,13700385,4000,663,0.16575
127,markov-p0.2-b0.2-stationary-grid-3x3-n5,binary_markov,2,13700386,4000,633,0.15825
127,markov-p0.2-b0.2-stationary-grid-3x3-n5,binary_markov,3,13700387,4000,599,0.14975
127,markov-p0.2-b0.2-stationary-grid-3x3-n5,binary_markov,4,13700388,4000,640,0.16
128,markov-p0.2-b0.2-after-received-xor-8-n8,binary_markov,0,13800387,4000,1064,0.266
128,markov-p0.2-b0.2-after-received-xor-8-n8,binary_markov,1,13800388,4000,1129,0.28225
128,markov-p0.2-b0.2-after-received-xor-8-n8,binary_markov,2,13800389,4000,1135,0.28375
128,markov-p0.2-b0.2-after-received-xor-8-n8,binary_markov,3,13800390,4000,1095,0.27375
128,markov-p0.2-b0.2-after-received-xor-8-n8,binary_markov,4,13800391,4000,1152,0.288
129,markov-p0.2-b0.2-after-received-xor-2-n2,binary_markov,0,13900390,4000,326,0.0815
129,markov-p0.2-b0.2-after-received-xor-2-n2,binary_markov,1,13900391,4000,339,0.08475
129,markov-p0.2-b0.2-after-received-xor-2-n2,binary_markov,2,13900392,4000,319,0.07975
129,markov-p0.2-b0.2-after-received-xor-2-n2,binary_markov,3,13900393,4000,312,0.078
129,markov-p0.2-b0.2-after-received-xor-2-n2,binary_markov,4,13900394,4000,302,0.0755
130,markov-p0.2-b0.2-after-received-grid-3x3-n9,binary_markov,0,14000393,4000,642,0.1605
130,markov-p0.2-b0.2-after-received-grid-3x3-n9,binary_markov,1,14000394,4000,656,0.164
130,markov-p0.2-b0.2-after-received-grid-3x3-n9,binary_markov,2,14000395,4000,682,0.1705
130,markov-p0.2-b0.2-after-received-grid-3x3-n9,binary_markov,3,14000396,4000,670,0.1675
130,markov-p0.2-b0.2-after-received-grid-3x3-n9,binary_markov,4,14000397,4000,644,0.161
131,markov-p0.2-b0.2-after-received-grid-2x2-n4,binary_markov,0,14100396,4000,349,0.08725
131,markov-p0.2-b0.2-after-received-grid-2x2-n4,binary_markov,1,14100397,4000,370,0.0925
131,markov-p0.2-b0.2-after-received-grid-2x2-n4,binary_markov,2,14100398,4000,341,0.08525
131,markov-p0.2-b0.2-after-received-grid-2x2-n4,binary_markov,3,14100399,4000,349,0.08725
131,markov-p0.2-b0.2-after-received-grid-2x2-n4,binary_markov,4,14100400,4000,337,0.08425
132,markov-p0.2-b0.2-after-received-grid-3x3-n5,binary_markov,0,14200399,4000,371,0.09275
132,markov-p0.2-b0.2-after-received-grid-3x3-n5,binary_markov,1,14200400,4000,383,0.09575
132,markov-p0.2-b0.2-after-received-grid-3x3-n5,binary_markov,2,14200401,4000,350,0.0875
132,markov-p0.2-b0.2-after-received-grid-3x3-n5,binary_markov,3,14200402,4000,411,0.10275
132,markov-p0.2-b0.2-after-received-grid-3x3-n5,binary_markov,4,14200403,4000,418,0.1045
133,markov-p0.2-b0.2-after-lost-xor-8-n8,binary_markov,0,14300402,4000,2949,0.73725
133,markov-p0.2-b0.2-after-lost-xor-8-n8,binary_markov,1,14300403,4000,3003,0.75075
133,markov-p0.2-b0.2-after-lost-xor-8-n8,binary_markov,2,14300404,4000,2933,0.73325
133,markov-p0.2-b0.2-after-lost-xor-8-n8,binary_markov,3,14300405,4000,2993,0.74825
133,markov-p0.2-b0.2-after-lost-xor-8-n8,binary_markov,4,14300406,4000,2995,0.74875
134,markov-p0.2-b0.2-after-lost-xor-2-n2,binary_markov,0,14400405,4000,2630,0.6575
134,markov-p0.2-b0.2-after-lost-xor-2-n2,binary_markov,1,14400406,4000,2598,0.6495
134,markov-p0.2-b0.2-after-lost-xor-2-n2,binary_markov,2,14400407,4000,2599,0.64975
134,markov-p0.2-b0.2-after-lost-xor-2-n2,binary_markov,3,14400408,4000,2651,0.66275
134,markov-p0.2-b0.2-after-lost-xor-2-n2,binary_markov,4,14400409,4000,2593,0.64825
135,markov-p0.2-b0.2-after-lost-grid-3x3-n9,binary_markov,0,14500408,4000,1865,0.46625
135,markov-p0.2-b0.2-after-lost-grid-3x3-n9,binary_markov,1,14500409,4000,1795,0.44875
135,markov-p0.2-b0.2-after-lost-grid-3x3-n9,binary_markov,2,14500410,4000,1877,0.46925
135,markov-p0.2-b0.2-after-lost-grid-3x3-n9,binary_markov,3,14500411,4000,1895,0.47375
135,markov-p0.2-b0.2-after-lost-grid-3x3-n9,binary_markov,4,14500412,4000,1858,0.4645
136,markov-p0.2-b0.2-after-lost-grid-2x2-n4,binary_markov,0,14600411,4000,1831,0.45775
136,markov-p0.2-b0.2-after-lost-grid-2x2-n4,binary_markov,1,14600412,4000,1837,0.45925
136,markov-p0.2-b0.2-after-lost-grid-2x2-n4,binary_markov,2,14600413,4000,1815,0.45375
136,markov-p0.2-b0.2-after-lost-grid-2x2-n4,binary_markov,3,14600414,4000,1858,0.4645
136,markov-p0.2-b0.2-after-lost-grid-2x2-n4,binary_markov,4,14600415,4000,1804,0.451
137,markov-p0.2-b0.2-after-lost-grid-3x3-n5,binary_markov,0,14700414,4000,1603,0.40075
137,markov-p0.2-b0.2-after-lost-grid-3x3-n5,binary_markov,1,14700415,4000,1605,0.40125
137,markov-p0.2-b0.2-after-lost-grid-3x3-n5,binary_markov,2,14700416,4000,1673,0.41825
137,markov-p0.2-b0.2-after-lost-grid-3x3-n5,binary_markov,3,14700417,4000,1677,0.41925
137,markov-p0.2-b0.2-after-lost-grid-3x3-n5,binary_markov,4,14700418,4000,1639,0.40975
138,markov-p0.2-b0.5-stationary-xor-8-n8,binary_markov,0,14800417,4000,1902,0.4755
138,markov-p0.2-b0.5-stationary-xor-8-n8,binary_markov,1,14800418,4000,1859,0.46475
138,markov-p0.2-b0.5-stationary-xor-8-n8,binary_markov,2,14800419,4000,1950,0.4875
138,markov-p0.2-b0.5-stationary-xor-8-n8,binary_markov,3,14800420,4000,1995,0.49875
138,markov-p0.2-b0.5-stationary-xor-8-n8,binary_markov,4,14800421,4000,1901,0.47525
139,markov-p0.2-b0.5-stationary-xor-2-n2,binary_markov,0,14900420,4000,630,0.1575
139,markov-p0.2-b0.5-stationary-xor-2-n2,binary_markov,1,14900421,4000,610,0.1525
139,markov-p0.2-b0.5-stationary-xor-2-n2,binary_markov,2,14900422,4000,658,0.1645
139,markov-p0.2-b0.5-stationary-xor-2-n2,binary_markov,3,14900423,4000,668,0.167
139,markov-p0.2-b0.5-stationary-xor-2-n2,binary_markov,4,14900424,4000,625,0.15625
140,markov-p0.2-b0.5-stationary-grid-3x3-n9,binary_markov,0,15000423,4000,659,0.16475
140,markov-p0.2-b0.5-stationary-grid-3x3-n9,binary_markov,1,15000424,4000,635,0.15875
140,markov-p0.2-b0.5-stationary-grid-3x3-n9,binary_markov,2,15000425,4000,617,0.15425
140,markov-p0.2-b0.5-stationary-grid-3x3-n9,binary_markov,3,15000426,4000,617,0.15425
140,markov-p0.2-b0.5-stationary-grid-3x3-n9,binary_markov,4,15000427,4000,632,0.158
141,markov-p0.2-b0.5-stationary-grid-2x2-n4,binary_markov,0,15100426,4000,332,0.083
141,markov-p0.2-b0.5-stationary-grid-2x2-n4,binary_markov,1,15100427,4000,331,0.08275
141,markov-p0.2-b0.5-stationary-grid-2x2-n4,binary_markov,2,15100428,4000,327,0.08175
141,markov-p0.2-b0.5-stationary-grid-2x2-n4,binary_markov,3,15100429,4000,336,0.084
141,markov-p0.2-b0.5-stationary-grid-2x2-n4,binary_markov,4,15100430,4000,317,0.07925
142,markov-p0.2-b0.5-stationary-grid-3x3-n5,binary_markov,0,15200429,4000,297,0.07425
142,markov-p0.2-b0.5-stationary-grid-3x3-n5,binary_markov,1,15200430,4000,341,0.08525
142,markov-p0.2-b0.5-stationary-grid-3x3-n5,binary_markov,2,15200431,4000,327,0.08175
142,markov-p0.2-b0.5-stationary-grid-3x3-n5,binary_markov,3,15200432,4000,336,0.084
142,markov-p0.2-b0.5-stationary-grid-3x3-n5,binary_markov,4,15200433,4000,353,0.08825
143,markov-p0.2-b0.5-after-received-xor-8-n8,binary_markov,0,15300432,4000,1835,0.45875
143,markov-p0.2-b0.5-after-received-xor-8-n8,binary_markov,1,15300433,4000,1861,0.46525
143,markov-p0.2-b0.5-after-received-xor-8-n8,binary_markov,2,15300434,4000,1858,0.4645
143,markov-p0.2-b0.5-after-received-xor-8-n8,binary_markov,3,15300435,4000,1905,0.47625
143,markov-p0.2-b0.5-after-received-xor-8-n8,binary_markov,4,15300436,4000,1790,0.4475
144,markov-p0.2-b0.5-after-received-xor-2-n2,binary_markov,0,15400435,4000,528,0.132
144,markov-p0.2-b0.5-after-received-xor-2-n2,binary_markov,1,15400436,4000,515,0.12875
144,markov-p0.2-b0.5-after-received-xor-2-n2,binary_markov,2,15400437,4000,470,0.1175
144,markov-p0.2-b0.5-after-received-xor-2-n2,binary_markov,3,15400438,4000,494,0.1235
144,markov-p0.2-b0.5-after-received-xor-2-n2,binary_markov,4,15400439,4000,474,0.1185
145,markov-p0.2-b0.5-after-received-grid-3x3-n9,binary_markov,0,15500438,4000,635,0.15875
145,markov-p0.2-b0.5-after-received-grid-3x3-n9,binary_markov,1,15500439,4000,561,0.14025
145,markov-p0.2-b0.5-after-received-grid-3x3-n9,binary_markov,2,15500440,4000,582,0.1455
145,markov-p0.2-b0.5-after-received-grid-3x3-n9,binary_markov,3,15500441,4000,583,0.14575
145,markov-p0.2-b0.5-after-received-grid-3x3-n9,binary_markov,4,15500442,4000,566,0.1415
146,markov-p0.2-b0.5-after-received-grid-2x2-n4,binary_markov,0,15600441,4000,274,0.0685
146,markov-p0.2-b0.5-after-received-grid-2x2-n4,binary_markov,1,15600442,4000,253,0.06325
146,markov-p0.2-b0.5-after-received-grid-2x2-n4,binary_markov,2,15600443,4000,271,0.06775
146,markov-p0.2-b0.5-after-received-grid-2x2-n4,binary_markov,3,15600444,4000,277,0.06925
146,markov-p0.2-b0.5-after-received-grid-2x2-n4,binary_markov,4,15600445,4000,294,0.0735
147,markov-p0.2-b0.5-after-received-grid-3x3-n5,binary_markov,0,15700444,4000,273,0.06825
147,markov-p0.2-b0.5-after-received-grid-3x3-n5,binary_markov,1,15700445,4000,305,0.07625
147,markov-p0.2-b0.5-after-received-grid-3x3-n5,binary_markov,2,15700446,4000,273,0.06825
147,markov-p0.2-b0.5-after-received-grid-3x3-n5,binary_markov,3,15700447,4000,319,0.07975
147,markov-p0.2-b0.5-after-received-grid-3x3-n5,binary_markov,4,15700448,4000,294,0.0735
148,markov-p0.2-b0.5-after-lost-xor-8-n8,binary_markov,0,15800447,4000,2416,0.604
148,markov-p0.2-b0.5-after-lost-xor-8-n8,binary_markov,1,15800448,4000,2438,0.6095
148,markov-p0.2-b0.5-after-lost-xor-8-n8,binary_markov,2,15800449,4000,2481,0.62025
148,markov-p0.2-b0.5-after-lost-xor-8-n8,binary_markov,3,15800450,4000,2442,0.6105
148,markov-p0.2-b0.5-after-lost-xor-8-n8,binary_markov,4,15800451,4000,2430,0.6075
149,markov-p0.2-b0.5-after-lost-xor-2-n2,binary_markov,0,15900450,4000,1273,0.31825
149,markov-p0.2-b0.5-after-lost-xor-2-n2,binary_markov,1,15900451,4000,1203,0.30075
149,markov-p0.2-b0.5-after-lost-xor-2-n2,binary_markov,2,15900452,4000,1309,0.32725
149,markov-p0.2-b0.5-after-lost-xor-2-n2,binary_markov,3,15900453,4000,1278,0.3195
149,markov-p0.2-b0.5-after-lost-xor-2-n2,binary_markov,4,15900454,4000,1255,0.31375
150,markov-p0.2-b0.5-after-lost-grid-3x3-n9,binary_markov,0,16000453,4000,837,0.20925
150,markov-p0.2-b0.5-after-lost-grid-3x3-n9,binary_markov,1,16000454,4000,833,0.20825
150,markov-p0.2-b0.5-after-lost-grid-3x3-n9,binary_markov,2,16000455,4000,813,0.20325
150,markov-p0.2-b0.5-after-lost-grid-3x3-n9,binary_markov,3,16000456,4000,808,0.202
150,markov-p0.2-b0.5-after-lost-grid-3x3-n9,binary_markov,4,16000457,4000,810,0.2025
151,markov-p0.2-b0.5-after-lost-grid-2x2-n4,binary_markov,0,16100456,4000,547,0.13675
151,markov-p0.2-b0.5-after-lost-grid-2x2-n4,binary_markov,1,16100457,4000,527,0.13175
151,markov-p0.2-b0.5-after-lost-grid-2x2-n4,binary_markov,2,16100458,4000,519,0.12975
151,markov-p0.2-b0.5-after-lost-grid-2x2-n4,binary_markov,3,16100459,4000,558,0.1395
151,markov-p0.2-b0.5-after-lost-grid-2x2-n4,binary_markov,4,16100460,4000,557,0.13925
152,markov-p0.2-b0.5-after-lost-grid-3x3-n5,binary_markov,0,16200459,4000,526,0.1315
152,markov-p0.2-b0.5-after-lost-grid-3x3-n5,binary_markov,1,16200460,4000,546,0.1365
152,markov-p0.2-b0.5-after-lost-grid-3x3-n5,binary_markov,2,16200461,4000,536,0.134
152,markov-p0.2-b0.5-after-lost-grid-3x3-n5,binary_markov,3,16200462,4000,539,0.13475
152,markov-p0.2-b0.5-after-lost-grid-3x3-n5,binary_markov,4,16200463,4000,482,0.1205
