case,name,model,protection,data_symbols,repair_symbols,loss,good_to_bad,bad_to_good,previous_loss,prediction,iid_prediction,trials,failures,empirical_failure,ci95_low,ci95_high,point_in_ci95,absolute_error,simultaneous_error_bound99,within_simultaneous_bound99,iid_absolute_error
0,iid-p0-none-16-n16,independent,none-16,16,0,0.0,0.0,0.0,,0.0,0.0,20000,0,0.0,0.0,0.00019203605610462545,True,0.0,0.01606919046493979,True,0.0
1,iid-p0-xor-16-n16,independent,xor-16,16,1,0.0,0.0,0.0,,0.0,0.0,20000,0,0.0,0.0,0.00019203605610462545,True,0.0,0.01606919046493979,True,0.0
2,iid-p0-xor-8-n8,independent,xor-8,8,1,0.0,0.0,0.0,,0.0,0.0,20000,0,0.0,0.0,0.00019203605610462545,True,0.0,0.01606919046493979,True,0.0
3,iid-p0-xor-2-n2,independent,xor-2,2,1,0.0,0.0,0.0,,0.0,0.0,20000,0,0.0,0.0,0.00019203605610462545,True,0.0,0.01606919046493979,True,0.0
4,iid-p0-grid-3x3-n9,independent,grid-3x3,9,6,0.0,0.0,0.0,,0.0,0.0,20000,0,0.0,0.0,0.00019203605610462545,True,0.0,0.01606919046493979,True,0.0
5,iid-p0-grid-2x3-n6,independent,grid-2x3,6,5,0.0,0.0,0.0,,0.0,0.0,20000,0,0.0,0.0,0.00019203605610462545,True,0.0,0.01606919046493979,True,0.0
6,iid-p0-grid-2x2-n4,independent,grid-2x2,4,4,0.0,0.0,0.0,,0.0,0.0,20000,0,0.0,0.0,0.00019203605610462545,True,0.0,0.01606919046493979,True,0.0
7,iid-p0-grid-3x3-n5,independent,grid-3x3,5,5,0.0,0.0,0.0,,0.0,0.0,20000,0,0.0,0.0,0.00019203605610462545,True,0.0,0.01606919046493979,True,0.0
8,iid-p0-grid-2x2-n1,independent,grid-2x2,1,2,0.0,0.0,0.0,,0.0,0.0,20000,0,0.0,0.0,0.00019203605610462545,True,0.0,0.01606919046493979,True,0.0
9,iid-p0.01-none-16-n16,independent,none-16,16,0,0.01,0.0,0.0,,0.14854222890512447,0.14854222890512447,20000,3017,0.15085,0.1459568865407313,0.15587721223724654,True,0.002307771094875538,0.01606919046493979,True,0.002307771094875538
10,iid-p0.01-xor-16-n16,independent,xor-16,16,1,0.01,0.0,0.0,,0.012308985529944388,0.012308985529944388,20000,239,0.01195,0.01053501789817931,0.013552428496184415,True,0.0003589855299443879,0.01606919046493979,True,0.0003589855299443879
11,iid-p0.01-xor-8-n8,independent,xor-8,8,1,0.01,0.0,0.0,,0.0034357300178463335,0.0034357300178463335,20000,58,0.0029,0.0022441939502619536,0.003746728296717265,True,0.0005357300178463337,0.01606919046493979,True,0.0005357300178463337
12,iid-p0.01-xor-2-n2,independent,xor-2,2,1,0.01,0.0,0.0,,0.0002980000000000274,0.0002980000000000274,20000,5,0.00025,0.00010678963454394949,0.0005851504035326235,True,4.8000000000027404e-05,0.01606919046493979,True,4.8000000000027404e-05
13,iid-p0.01-grid-3x3-n9,independent,grid-3x3,9,6,0.01,0.0,0.0,,9.269746045639817e-06,9.269746045639817e-06,20000,0,0.0,0.0,0.00019203605610462545,True,9.269746045639817e-06,0.01606919046493979,True,9.269746045639817e-06
14,iid-p0.01-grid-2x3-n6,independent,grid-2x3,6,5,0.01,0.0,0.0,,6.1193103304208144e-06,6.1193103304208144e-06,20000,0,0.0,0.0,0.00019203605610462545,True,6.1193103304208144e-06,0.01606919046493979,True,6.1193103304208144e-06
15,iid-p0.01-grid-2x2-n4,independent,grid-2x2,4,4,0.01,0.0,0.0,,4.0495703986e-06,4.0495703986e-06,20000,0,0.0,0.0,0.00019203605610462545,True,4.0495703986e-06,0.01606919046493979,True,4.0495703986e-06
16,iid-p0.01-grid-3x3-n5,independent,grid-3x3,5,5,0.01,0.0,0.0,,5.0693602559282215e-06,5.0693602559282215e-06,20000,0,0.0,0.0,0.00019203605610462545,True,5.0693602559282215e-06,0.01606919046493979,True,5.0693602559282215e-06
17,iid-p0.01-grid-2x2-n1,independent,grid-2x2,1,2,0.01,0.0,0.0,,1.0000000000000002e-06,1.0000000000000002e-06,20000,0,0.0,0.0,0.00019203605610462545,True,1.0000000000000002e-06,0.01606919046493979,True,1.0000000000000002e-06
18,iid-p0.03-none-16-n16,independent,none-16,16,0,0.03,0.0,0.0,,0.38574634653731454,0.38574634653731454,20000,7731,0.38655,0.3798236155292808,0.39331995745184933,True,0.0008036534626854608,0.01606919046493979,True,0.0008036534626854608
19,iid-p0.03-xor-16-n16,independent,xor-16,16,1,0.03,0.0,0.0,,0.09090459287522551,0.09090459287522551,20000,1803,0.09015,0.08625912618371609,0.09419828577147285,True,0.0007545928752255154,0.01606919046493979,True,0.0007545928752255154
20,iid-p0.03-xor-8-n8,independent,xor-8,8,1,0.03,0.0,0.0,,0.028158234297257084,0.028158234297257084,20000,574,0.0287,0.026475026497328906,0.03110598668915531,True,0.0005417657027429156,0.01606919046493979,True,0.0005417657027429156
21,iid-p0.03-xor-2-n2,independent,xor-2,2,1,0.03,0.0,0.0,,0.002646000000000044,0.002646000000000044,20000,51,0.00255,0.001940142702847712,0.0033509139693707803,True,9.600000000004397e-05,0.01606919046493979,True,9.600000000004397e-05
22,iid-p0.03-grid-3x3-n9,independent,grid-3x3,9,6,0.03,0.0,0.0,,0.00026468255868816086,0.00026468255868816086,20000,5,0.00025,0.00010678963454394949,0.0005851504035326235,True,1.4682558688160858e-05,0.01606919046493979,True,1.4682558688160858e-05
23,iid-p0.03-grid-2x3-n6,independent,grid-2x3,6,5,0.03,0.0,0.0,,0.00017150943951314924,0.00017150943951314924,20000,6,0.0003,0.00013749971371878445,0.0006544211207521781,True,0.00012849056048685074,0.01606919046493979,True,0.00012849056048685074
24,iid-p0.03-grid-2x2-n4,independent,grid-2x2,4,4,0.03,0.0,0.0,,0.00011193179561459997,0.00011193179561459997,20000,0,0.0,0.0,0.00019203605610462545,True,0.00011193179561459997,0.01606919046493979,True,0.00011193179561459997
25,iid-p0.03-grid-3x3-n5,independent,grid-3x3,5,5,0.03,0.0,0.0,,0.0001404956247118147,0.0001404956247118147,20000,6,0.0003,0.00013749971371878445,0.0006544211207521781,True,0.00015950437528818528,0.01606919046493979,True,0.00015950437528818528
26,iid-p0.03-grid-2x2-n1,independent,grid-2x2,1,2,0.03,0.0,0.0,,2.6999999999999996e-05,2.6999999999999996e-05,20000,0,0.0,0.0,0.00019203605610462545,True,2.6999999999999996e-05,0.01606919046493979,True,2.6999999999999996e-05
27,iid-p0.1-none-16-n16,independent,none-16,16,0,0.1,0.0,0.0,,0.8146979811148158,0.8146979811148158,20000,16300,0.815,0.8095582545539636,0.8203207627306904,True,0.0003020188851841077,0.01606919046493979,True,0.0003020188851841077
28,iid-p0.1-xor-16-n16,independent,xor-16,16,1,0.1,0.0,0.0,,0.5182147508985211,0.5182147508985211,20000,10295,0.51475,0.5078213287316051,0.5216730062047399,True,0.0034647508985210518,0.01606919046493979,True,0.0034647508985210518
29,iid-p0.1-xor-8-n8,independent,xor-8,8,1,0.1,0.0,0.0,,0.22515902199999982,0.22515902199999982,20000,4503,0.22515,0.21941443836078403,0.2309911238592566,True,9.021999999830888e-06,0.01606919046493979,True,9.021999999830888e-06
30,iid-p0.1-xor-2-n2,independent,xor-2,2,1,0.1,0.0,0.0,,0.027999999999999914,0.027999999999999914,20000,574,0.0287,0.026475026497328906,0.03110598668915531,True,0.000700000000000086,0.01606919046493979,True,0.000700000000000086
31,iid-p0.1-grid-3x3-n9,independent,grid-3x3,9,6,0.1,0.0,0.0,,0.011440446345595006,0.011440446345595006,20000,226,0.0113,0.009926096747087203,0.012861599294149456,True,0.0001404463455950064,0.01606919046493979,True,0.0001404463455950064
32,iid-p0.1-grid-2x3-n6,independent,grid-2x3,6,5,0.1,0.0,0.0,,0.007055635600000002,0.007055635600000002,20000,147,0.00735,0.006257155028745463,0.008632058097334423,True,0.0002943643999999976,0.01606919046493979,True,0.0002943643999999976
33,iid-p0.1-grid-2x2-n4,independent,grid-2x2,4,4,0.1,0.0,0.0,,0.004433860000000001,0.004433860000000001,20000,81,0.00405,0.003259990674776548,0.0050304898892736295,True,0.0003838600000000015,0.01606919046493979,True,0.0003838600000000015
34,iid-p0.1-grid-3x3-n5,independent,grid-3x3,5,5,0.1,0.0,0.0,,0.005603030200000001,0.005603030200000001,20000,115,0.00575,0.004792836464323753,0.006896991177135669,True,0.0001469697999999988,0.01606919046493979,True,0.0001469697999999988
35,iid-p0.1-grid-2x2-n1,independent,grid-2x2,1,2,0.1,0.0,0.0,,0.0010000000000000002,0.0010000000000000002,20000,22,0.0011,0.0007265667231905742,0.001665046853590621,True,9.999999999999983e-05,0.01606919046493979,True,9.999999999999983e-05
36,iid-p0.2-none-16-n16,independent,none-16,16,0,0.2,0.0,0.0,,0.9718525023289344,0.9718525023289344,20000,19465,0.97325,0.9709213052560642,0.9753969326168327,True,0.0013974976710655618,0.01606919046493979,True,0.0013974976710655618
37,iid-p0.2-xor-16-n16,independent,xor-16,16,1,0.2,0.0,0.0,,0.8817805097815243,0.8817805097815243,20000,17596,0.8798,0.8752200136876689,0.884234115724114,True,0.001980509781524309,0.01606919046493979,True,0.001980509781524309
38,iid-p0.2-xor-8-n8,independent,xor-8,8,1,0.2,0.0,0.0,,0.5637923839999999,0.5637923839999999,20000,11382,0.5691,0.5622243506607757,0.5759491099562707,True,0.0053076160000001815,0.01606919046493979,True,0.0053076160000001815
39,iid-p0.2-xor-2-n2,independent,xor-2,2,1,0.2,0.0,0.0,,0.10399999999999981,0.10399999999999981,20000,2025,0.10125,0.09714556436967584,0.1055075843850676,True,0.002749999999999808,0.01606919046493979,True,0.002749999999999808
40,iid-p0.2-grid-3x3-n9,independent,grid-3x3,9,6,0.2,0.0,0.0,,0.09977485475840009,0.09977485475840009,20000,2019,0.10095,0.09685112104925797,0.10520214292711913,True,0.0011751452415999092,0.01606919046493979,True,0.0011751452415999092
41,iid-p0.2-grid-2x3-n6,independent,grid-2x3,6,5,0.2,0.0,0.0,,0.06047590400000004,0.06047590400000004,20000,1219,0.06095,0.05771794325368602,0.06435068360717945,True,0.0004740959999999586,0.01606919046493979,True,0.0004740959999999586
42,iid-p0.2-grid-2x2-n4,independent,grid-2x2,4,4,0.2,0.0,0.0,,0.037276160000000017,0.037276160000000017,20000,729,0.03645,0.03394046122938989,0.039137575398224725,True,0.0008261600000000133,0.01606919046493979,True,0.0008261600000000133
43,iid-p0.2-grid-3x3-n5,independent,grid-3x3,5,5,0.2,0.0,0.0,,0.04715898880000003,0.04715898880000003,20000,952,0.0476,0.04473503763636102,0.05063871658720246,True,0.000441011199999973,0.01606919046493979,True,0.000441011199999973
44,iid-p0.2-grid-2x2-n1,independent,grid-2x2,1,2,0.2,0.0,0.0,,0.008000000000000002,0.008000000000000002,20000,163,0.00815,0.006994949153050663,0.009493956715339456,True,0.00014999999999999736,0.01606919046493979,True,0.00014999999999999736
45,iid-p0.5-none-16-n16,independent,none-16,16,0,0.5,0.0,0.0,,0.9999847412109375,0.9999847412109375,20000,20000,1.0,0.9998079639438954,0.9999999999999999,True,1.52587890625e-05,0.01606919046493979,True,1.52587890625e-05
46,iid-p0.5-xor-16-n16,independent,xor-16,16,1,0.5,0.0,0.0,,0.9998626708984375,0.9998626708984375,20000,19997,0.99985,0.9995590363727073,0.999948985182005,True,1.267089843748348e-05,0.01606919046493979,True,1.267089843748348e-05
47,iid-p0.5-xor-8-n8,independent,xor-8,8,1,0.5,0.0,0.0,,0.98046875,0.98046875,20000,19605,0.98025,0.978227409031431,0.9820881403366805,True,0.0002187500000000453,0.01606919046493979,True,0.0002187500000000453
48,iid-p0.5-xor-2-n2,independent,xor-2,2,1,0.5,0.0,0.0,,0.5,0.5,20000,10031,0.50155,0.49462088189990105,0.5084785227883252,True,0.0015500000000000513,0.01606919046493979,True,0.0015500000000000513
49,iid-p0.5-grid-3x3-n9,independent,grid-3x3,9,6,0.5,0.0,0.0,,0.826019287109375,0.826019287109375,20000,16446,0.8223,0.8169404979122312,0.8275357156460037,True,0.003719287109374969,0.01606919046493979,True,0.003719287109374969
50,iid-p0.5-grid-2x3-n6,independent,grid-2x3,6,5,0.5,0.0,0.0,,0.65234375,0.65234375,20000,13218,0.6609,0.6543087367913208,0.6674294660058248,False,0.008556250000000043,0.01606919046493979,True,0.008556250000000043
51,iid-p0.5-grid-2x2-n4,independent,grid-2x2,4,4,0.5,0.0,0.0,,0.4765625,0.4765625,20000,9484,0.4742,0.46728532941806544,0.4811245796424296,True,0.0023624999999999896,0.01606919046493979,True,0.0023624999999999896
52,iid-p0.5-grid-3x3-n5,independent,grid-3x3,5,5,0.5,0.0,0.0,,0.560546875,0.560546875,20000,11149,0.55745,0.5505559943150361,0.5643219407421175,True,0.003096874999999999,0.01606919046493979,True,0.003096874999999999
53,iid-p0.5-grid-2x2-n1,independent,grid-2x2,1,2,0.5,0.0,0.0,,0.125,0.125,20000,2554,0.1277,0.12314585687899694,0.1323971331683785,True,0.002700000000000008,0.01606919046493979,True,0.002700000000000008
54,iid-p1-none-16-n16,independent,none-16,16,0,1.0,0.0,0.0,,1.0,1.0,20000,20000,1.0,0.9998079639438954,0.9999999999999999,True,0.0,0.01606919046493979,True,0.0
55,iid-p1-xor-16-n16,independent,xor-16,16,1,1.0,0.0,0.0,,1.0,1.0,20000,20000,1.0,0.9998079639438954,0.9999999999999999,True,0.0,0.01606919046493979,True,0.0
56,iid-p1-xor-8-n8,independent,xor-8,8,1,1.0,0.0,0.0,,1.0,1.0,20000,20000,1.0,0.9998079639438954,0.9999999999999999,True,0.0,0.01606919046493979,True,0.0
57,iid-p1-xor-2-n2,independent,xor-2,2,1,1.0,0.0,0.0,,1.0,1.0,20000,20000,1.0,0.9998079639438954,0.9999999999999999,True,0.0,0.01606919046493979,True,0.0
58,iid-p1-grid-3x3-n9,independent,grid-3x3,9,6,1.0,0.0,0.0,,1.0,1.0,20000,20000,1.0,0.9998079639438954,0.9999999999999999,True,0.0,0.01606919046493979,True,0.0
59,iid-p1-grid-2x3-n6,independent,grid-2x3,6,5,1.0,0.0,0.0,,1.0,1.0,20000,20000,1.0,0.9998079639438954,0.9999999999999999,True,0.0,0.01606919046493979,True,0.0
60,iid-p1-grid-2x2-n4,independent,grid-2x2,4,4,1.0,0.0,0.0,,1.0,1.0,20000,20000,1.0,0.9998079639438954,0.9999999999999999,True,0.0,0.01606919046493979,True,0.0
61,iid-p1-grid-3x3-n5,independent,grid-3x3,5,5,1.0,0.0,0.0,,1.0,1.0,20000,20000,1.0,0.9998079639438954,0.9999999999999999,True,0.0,0.01606919046493979,True,0.0
62,iid-p1-grid-2x2-n1,independent,grid-2x2,1,2,1.0,0.0,0.0,,1.0,1.0,20000,20000,1.0,0.9998079639438954,0.9999999999999999,True,0.0,0.01606919046493979,True,0.0
63,markov-p0.03-b0.2-stationary-xor-8-n8,binary_markov,xor-8,8,1,0.03,0.006185567010309279,0.2,,0.057390597430329565,0.028158234297257084,20000,1135,0.05675,0.05362781153485048,0.06004242842888627,True,0.0006405974303295633,0.01606919046493979,True,0.028591765702742918
64,markov-p0.03-b0.2-stationary-xor-2-n2,binary_markov,xor-2,2,1,0.03,0.006185567010309279,0.2,,0.02883711340206186,0.002646000000000044,20000,608,0.0304,0.028109307073556408,0.032871053190337056,True,0.0015628865979381394,0.01606919046493979,True,0.027753999999999956
65,markov-p0.03-b0.2-stationary-grid-3x3-n9,binary_markov,grid-3x3,9,6,0.03,0.006185567010309279,0.2,,0.028749402390683066,0.00026468255868816086,20000,581,0.02905,0.026811326458591873,0.03146955230265307,True,0.0003005976093169334,0.01606919046493979,True,0.02878531744131184
66,markov-p0.03-b0.2-stationary-grid-2x2-n4,binary_markov,grid-2x2,4,4,0.03,0.006185567010309279,0.2,,0.02295512065048056,0.00011193179561459997,20000,444,0.0222,0.020247989590594172,0.024335520064619406,True,0.0007551206504805598,0.01606919046493979,True,0.0220880682043854
67,markov-p0.03-b0.2-stationary-grid-3x3-n5,binary_markov,grid-3x3,5,5,0.03,0.006185567010309279,0.2,,0.021508156547926656,0.0001404956247118147,20000,463,0.02315,0.021155642442763384,0.02532750234394359,True,0.0016418434520733445,0.01606919046493979,True,0.023009504375288186
68,markov-p0.03-b0.2-after-received-xor-8-n8,binary_markov,xor-8,8,1,0.03,0.006185567010309279,0.2,False,0.038950120903248626,0.028158234297257084,20000,760,0.038,0.03543769417331055,0.04073974714253012,True,0.0009501209032486274,0.01606919046493979,True,0.009841765702742915
69,markov-p0.03-b0.2-after-received-xor-2-n2,binary_markov,xor-2,2,1,0.03,0.006185567010309279,0.2,False,0.009873950472951431,0.002646000000000044,20000,193,0.00965,0.008386176629638415,0.011102153130583393,True,0.0002239504729514303,0.01606919046493979,True,0.0070039999999999564
70,markov-p0.03-b0.2-after-received-grid-3x3-n9,binary_markov,grid-3x3,9,6,0.03,0.006185567010309279,0.2,False,0.01892077496561454,0.00026468255868816086,20000,410,0.0205,0.018626244326859605,0.02255791825094473,True,0.0015792250343854598,0.01606919046493979,True,0.02023531744131184
71,markov-p0.03-b0.2-after-received-grid-2x2-n4,binary_markov,grid-2x2,4,4,0.03,0.006185567010309279,0.2,False,0.010786065244092601,0.00011193179561459997,20000,237,0.01185,0.010441261545848929,0.013446223255726017,True,0.0010639347559073982,0.01606919046493979,True,0.0117380682043854
72,markov-p0.03-b0.2-after-received-grid-3x3-n5,binary_markov,grid-3x3,5,5,0.03,0.006185567010309279,0.2,False,0.011715303497749225,0.0001404956247118147,20000,239,0.01195,0.01053501789817931,0.013552428496184415,True,0.0002346965022507752,0.01606919046493979,True,0.011809504375288186
73,markov-p0.03-b0.2-after-lost-xor-8-n8,binary_markov,xor-8,8,1,0.03,0.006185567010309279,0.2,True,0.6536326718059461,0.028158234297257084,20000,12922,0.6461,0.6394454247443012,0.652698462320105,False,0.0075326718059460784,0.01606919046493979,True,0.617941765702743
74,markov-p0.03-b0.2-after-lost-xor-2-n2,binary_markov,xor-2,2,1,0.03,0.006185567010309279,0.2,True,0.6419793814432991,0.002646000000000044,20000,12792,0.6396,0.6329198239486578,0.6462265595844776,True,0.002379381443299189,0.01606919046493979,True,0.6369539999999999
75,markov-p0.03-b0.2-after-lost-grid-3x3-n9,binary_markov,grid-3x3,9,6,0.03,0.006185567010309279,0.2,True,0.34654168913456557,0.00026468255868816086,20000,6877,0.34385,0.3372976211909362,0.3504623516693852,True,0.002691689134565578,0.01606919046493979,True,0.3435853174413118
76,markov-p0.03-b0.2-after-lost-grid-2x2-n4,binary_markov,grid-2x2,4,4,0.03,0.006185567010309279,0.2,True,0.41642124545702475,0.00011193179561459997,20000,8392,0.4196,0.41277673363577067,0.42645414576205093,True,0.003178754542975226,0.01606919046493979,True,0.4194880682043854
77,markov-p0.03-b0.2-after-lost-grid-3x3-n5,binary_markov,grid-3x3,5,5,0.03,0.006185567010309279,0.2,True,0.33814373850366375,0.0001404956247118147,20000,6690,0.3345,0.3279934252521863,0.3410701386823844,True,0.0036437385036637293,0.01606919046493979,True,0.3343595043752882
78,markov-p0.03-b0.5-stationary-xor-8-n8,binary_markov,xor-8,8,1,0.03,0.015463917525773196,0.5,,0.06898943842613174,0.028158234297257084,20000,1390,0.0695,0.06605765261158714,0.07310769043271895,True,0.0005105615738682651,0.01606919046493979,True,0.04134176570274292
79,markov-p0.03-b0.5-stationary-xor-2-n2,binary_markov,xor-2,2,1,0.03,0.015463917525773196,0.5,,0.022731958762886598,0.002646000000000044,20000,441,0.02205,0.020104763539391127,0.024178803726639282,True,0.0006819587628865975,0.01606919046493979,True,0.019403999999999956
80,markov-p0.03-b0.5-stationary-grid-3x3-n9,binary_markov,grid-3x3,9,6,0.03,0.015463917525773196,0.5,,0.008361520987563658,0.00026468255868816086,20000,174,0.0087,0.00750396756609185,0.010084727062636554,True,0.00033847901243634106,0.01606919046493979,True,0.008435317441311839
81,markov-p0.03-b0.5-stationary-grid-2x2-n4,binary_markov,grid-2x2,4,4,0.03,0.015463917525773196,0.5,,0.007247117508429217,0.00011193179561459997,20000,153,0.00765,0.006533443298915569,0.008955654605530654,True,0.0004028824915707826,0.01606919046493979,True,0.007538068204385399
82,markov-p0.03-b0.5-stationary-grid-3x3-n5,binary_markov,grid-3x3,5,5,0.03,0.015463917525773196,0.5,,0.00568431492454018,0.0001404956247118147,20000,120,0.006,0.005020481075766563,0.007169250547664806,True,0.00031568507545982026,0.01606919046493979,True,0.005859504375288186
83,markov-p0.03-b0.5-after-received-xor-8-n8,binary_markov,xor-8,8,1,0.03,0.015463917525773196,0.5,False,0.061756057483282445,0.028158234297257084,20000,1196,0.0598,0.05659756399820913,0.06317150454558539,True,0.001956057483282446,0.01606919046493979,True,0.031641765702742915
84,markov-p0.03-b0.5-after-received-xor-2-n2,binary_markov,xor-2,2,1,0.03,0.015463917525773196,0.5,False,0.015463917525773196,0.002646000000000044,20000,308,0.0154,0.013784121738313091,0.017201999607263513,True,6.391752577319595e-05,0.01606919046493979,True,0.012753999999999956
85,markov-p0.03-b0.5-after-received-grid-3x3-n9,binary_markov,grid-3x3,9,6,0.03,0.015463917525773196,0.5,False,0.0071727089245035005,0.00026468255868816086,20000,151,0.00755,0.006441293945850522,0.008847842365806925,True,0.00037729107549649976,0.01606919046493979,True,0.007285317441311839
86,markov-p0.03-b0.5-after-received-grid-2x2-n4,binary_markov,grid-2x2,4,4,0.03,0.015463917525773196,0.5,False,0.005306285413622856,0.00011193179561459997,20000,109,0.00545,0.004520319233176891,0.006569623629916194,True,0.0001437145863771444,0.01606919046493979,True,0.0053380682043854
87,markov-p0.03-b0.5-after-received-grid-3x3-n5,binary_markov,grid-3x3,5,5,0.03,0.015463917525773196,0.5,False,0.004583598130025027,0.0001404956247118147,20000,85,0.00425,0.0034386987120232776,0.005251705037604458,True,0.0003335981300250264,0.01606919046493979,True,0.004109504375288186
88,markov-p0.03-b0.5-after-lost-xor-8-n8,binary_markov,xor-8,8,1,0.03,0.015463917525773196,0.5,True,0.3028687555782603,0.028158234297257084,20000,6174,0.3087,0.30233496552237443,0.3151385074726912,True,0.005831244421739656,0.01606919046493979,True,0.2805417657027429
89,markov-p0.03-b0.5-after-lost-xor-2-n2,binary_markov,xor-2,2,1,0.03,0.015463917525773196,0.5,True,0.25773195876288657,0.002646000000000044,20000,5118,0.2559,0.24989966346414136,0.261994088538449,True,0.0018319587628865541,0.01606919046493979,True,0.253254
90,markov-p0.03-b0.5-after-lost-grid-3x3-n9,binary_markov,grid-3x3,9,6,0.03,0.015463917525773196,0.5,True,0.04679977769317525,0.00026468255868816086,20000,949,0.04745,0.04458948435925219,0.050484327475128106,True,0.000650222306824752,0.01606919046493979,True,0.04718531744131184
91,markov-p0.03-b0.5-after-lost-grid-2x2-n4,binary_markov,grid-2x2,4,4,0.03,0.015463917525773196,0.5,True,0.07000068857383493,0.00011193179561459997,20000,1365,0.06825,0.06483736880457083,0.07182845432987553,True,0.0017506885738349243,0.01606919046493979,True,0.06813806820438541
92,markov-p0.03-b0.5-after-lost-grid-3x3-n5,binary_markov,grid-3x3,5,5,0.03,0.015463917525773196,0.5,True,0.04127415794719685,0.0001404956247118147,20000,824,0.0412,0.03853244315139153,0.044043769133690076,True,7.415794719684704e-05,0.01606919046493979,True,0.041059504375288186
93,markov-p0.1-b0.2-stationary-xor-8-n8,binary_markov,xor-8,8,1,0.1,0.022222222222222227,0.2,,0.1894479524176653,0.22515902199999982,20000,3825,0.19125,0.18585893404677117,0.1967596482178734,True,0.0018020475823347093,0.01606919046493979,True,0.03390902199999982
94,markov-p0.1-b0.2-stationary-xor-2-n2,binary_markov,xor-2,2,1,0.1,0.022222222222222227,0.2,,0.09644444444444447,0.027999999999999914,20000,1916,0.0958,0.0917983267456487,0.09995691520210628,True,0.0006444444444444752,0.01606919046493979,True,0.06780000000000008
95,markov-p0.1-b0.2-stationary-grid-3x3-n9,binary_markov,grid-3x3,9,6,0.1,0.022222222222222227,0.2,,0.10247164858297068,0.011440446345595006,20000,2027,0.10135,0.09724371466773107,0.10560939567980113,True,0.0011216485829706885,0.01606919046493979,True,0.08990955365440499
96,markov-p0.1-b0.2-stationary-grid-2x2-n4,binary_markov,grid-2x2,4,4,0.1,0.022222222222222227,0.2,,0.07840163175125747,0.004433860000000001,20000,1587,0.07935,0.07568438886215002,0.08317717107185081,True,0.0009483682487425316,0.01606919046493979,True,0.07491614
97,markov-p0.1-b0.2-stationary-grid-3x3-n5,binary_markov,grid-3x3,5,5,0.1,0.022222222222222227,0.2,,0.07482022189594256,0.005603030200000001,20000,1495,0.07475,0.07118634433062888,0.07847698233508808,True,7.022189594256545e-05,0.01606919046493979,True,0.0691469698
98,markov-p0.1-b0.2-after-received-xor-8-n8,binary_markov,xor-8,8,1,0.1,0.022222222222222227,0.2,False,0.13416832866464545,0.22515902199999982,20000,2678,0.1339,0.12925060993506943,0.13868999886521033,True,0.0002683286646454619,0.01606919046493979,True,0.09125902199999983
99,markov-p0.1-b0.2-after-received-xor-2-n2,binary_markov,xor-2,2,1,0.1,0.022222222222222227,0.2,False,0.03525925925925927,0.027999999999999914,20000,681,0.03405,0.031624685539995534,0.036654272860688356,True,0.001209259259259271,0.01606919046493979,True,0.006050000000000083
100,markov-p0.1-b0.2-after-received-grid-3x3-n9,binary_markov,grid-3x3,9,6,0.1,0.022222222222222227,0.2,False,0.07009225996724493,0.011440446345595006,20000,1397,0.06985,0.06639939135921243,0.07346581725985436,True,0.0002422599672449316,0.01606919046493979,True,0.05840955365440499
101,markov-p0.1-b0.2-after-received-grid-2x2-n4,binary_markov,grid-2x2,4,4,0.1,0.022222222222222227,0.2,False,0.038899125074956596,0.004433860000000001,20000,839,0.04195,0.03925844698588907,0.044817477245108386,False,0.003050874925043405,0.01606919046493979,True,0.03751614
102,markov-p0.1-b0.2-after-received-grid-3x3-n5,binary_markov,grid-3x3,5,5,0.1,0.022222222222222227,0.2,False,0.04260009007043481,0.005603030200000001,20000,849,0.04245,0.039742584076003895,0.04533314811893745,True,0.00015009007043480932,0.01606919046493979,True,0.036846969800000004
103,markov-p0.1-b0.2-after-lost-xor-8-n8,binary_markov,xor-8,8,1,0.1,0.022222222222222227,0.2,True,0.6869645661948435,0.22515902199999982,20000,13814,0.6907,0.6842581716368914,0.6970685858113101,True,0.0037354338051565072,0.01606919046493979,True,0.46554097800000016
104,markov-p0.1-b0.2-after-lost-xor-2-n2,binary_markov,xor-2,2,1,0.1,0.022222222222222227,0.2,True,0.6471111111111113,0.027999999999999914,20000,12965,0.64825,0.6416041864678913,0.6548388748414736,True,0.0011388888888886894,0.01606919046493979,True,0.6202500000000001
105,markov-p0.1-b0.2-after-lost-grid-3x3-n9,binary_markov,grid-3x3,9,6,0.1,0.022222222222222227,0.2,True,0.39388614612450246,0.011440446345595006,20000,7865,0.39325,0.3865013732147496,0.4000396264832287,True,0.000636146124502468,0.01606919046493979,True,0.381809553654405
106,markov-p0.1-b0.2-after-lost-grid-2x2-n4,binary_markov,grid-2x2,4,4,0.1,0.022222222222222227,0.2,True,0.43392419183796516,0.004433860000000001,20000,8677,0.43385,0.4269947442669207,0.440730662103302,True,7.419183796514295e-05,0.01606919046493979,True,0.42941614
107,markov-p0.1-b0.2-after-lost-grid-3x3-n5,binary_markov,grid-3x3,5,5,0.1,0.022222222222222227,0.2,True,0.3648014083255125,0.005603030200000001,20000,7315,0.36575,0.3591013070158424,0.37245025466522175,True,0.00094859167448752,0.01606919046493979,True,0.3601469698
108,markov-p0.1-b0.5-stationary-xor-8-n8,binary_markov,xor-8,8,1,0.1,0.05555555555555556,0.5,,0.239072461941265,0.22515902199999982,20000,4861,0.24305,0.23715522100434974,0.24904346632488236,True,0.003977538058734992,0.01606919046493979,True,0.01789097800000017
109,markov-p0.1-b0.5-stationary-xor-2-n2,binary_markov,xor-2,2,1,0.1,0.05555555555555556,0.5,,0.07777777777777778,0.027999999999999914,20000,1521,0.07605,0.07245713688083795,0.07980569049113316,True,0.0017277777777777725,0.01606919046493979,True,0.04805000000000009
110,markov-p0.1-b0.5-stationary-grid-3x3-n9,binary_markov,grid-3x3,9,6,0.1,0.05555555555555556,0.5,,0.04722098608344634,0.011440446345595006,20000,939,0.04695,0.044104365474235976,0.049969638396200416,True,0.00027098608344634095,0.01606919046493979,True,0.035509553654404995
111,markov-p0.1-b0.5-stationary-grid-2x2-n4,binary_markov,grid-2x2,4,4,0.1,0.05555555555555556,0.5,,0.030160465249199825,0.004433860000000001,20000,569,0.02845,0.02623486783509431,0.030846241369417954,True,0.0017104652491998253,0.01606919046493979,True,0.02401614
112,markov-p0.1-b0.5-stationary-grid-3x3-n5,binary_markov,grid-3x3,5,5,0.1,0.05555555555555556,0.5,,0.027646553633187868,0.005603030200000001,20000,581,0.02905,0.026811326458591873,0.03146955230265307,True,0.001403446366812132,0.01606919046493979,True,0.0234469698
113,markov-p0.1-b0.5-after-received-xor-8-n8,binary_markov,xor-8,8,1,0.1,0.05555555555555556,0.5,False,0.21804510337660207,0.22515902199999982,20000,4291,0.21455,0.208915827845055,0.22029380553937508,True,0.0034951033766020823,0.01606919046493979,True,0.01060902199999983
114,markov-p0.1-b0.5-after-received-xor-2-n2,binary_markov,xor-2,2,1,0.1,0.05555555555555556,0.5,False,0.05555555555555556,0.027999999999999914,20000,1081,0.05405,0.05100101439215871,0.057270262566281004,True,0.0015055555555555586,0.01606919046493979,True,0.026050000000000087
115,markov-p0.1-b0.5-after-received-grid-3x3-n9,binary_markov,grid-3x3,9,6,0.1,0.05555555555555556,0.5,False,0.04169111043131816,0.011440446345595006,20000,805,0.04025,0.03761319486870616,0.04306338228488205,True,0.0014411104313181572,0.01606919046493979,True,0.028809553654404997
116,markov-p0.1-b0.5-after-received-grid-2x2-n4,binary_markov,grid-2x2,4,4,0.1,0.05555555555555556,0.5,False,0.023320395043852474,0.004433860000000001,20000,460,0.023,0.02101226645025659,0.025170935947267215,True,0.00032039504385247483,0.01606919046493979,True,0.01856614
117,markov-p0.1-b0.5-after-received-grid-3x3-n5,binary_markov,grid-3x3,5,5,0.1,0.05555555555555556,0.5,False,0.022886318853923282,0.005603030200000001,20000,448,0.0224,0.020438995409882272,0.024544437430908863,True,0.00048631885392328225,0.01606919046493979,True,0.0167969698
118,markov-p0.1-b0.5-after-lost-xor-8-n8,binary_markov,xor-8,8,1,0.1,0.05555555555555556,0.5,True,0.42831868902323,0.22515902199999982,20000,8492,0.4246,0.41776484682936205,0.43146411220789854,True,0.0037186890232300263,0.01606919046493979,True,0.19944097800000016
119,markov-p0.1-b0.5-after-lost-xor-2-n2,binary_markov,xor-2,2,1,0.1,0.05555555555555556,0.5,True,0.2777777777777778,0.027999999999999914,20000,5456,0.2728,0.26667126903705096,0.2790159921468429,True,0.004977777777777803,0.01606919046493979,True,0.24480000000000007
120,markov-p0.1-b0.5-after-lost-grid-3x3-n9,binary_markov,grid-3x3,9,6,0.1,0.05555555555555556,0.5,True,0.09698986695260009,0.011440446345595006,20000,1924,0.0962,0.09219065101981049,0.1003644372990996,True,0.0007898669526000962,0.01606919046493979,True,0.08475955365440499
121,markov-p0.1-b0.5-after-lost-grid-2x2-n4,binary_markov,grid-2x2,4,4,0.1,0.05555555555555556,0.5,True,0.09172109709732597,0.004433860000000001,20000,1804,0.0902,0.0863081255923538,0.09424926715922956,True,0.0015210970973259658,0.01606919046493979,True,0.08576614
122,markov-p0.1-b0.5-after-lost-grid-3x3-n5,binary_markov,grid-3x3,5,5,0.1,0.05555555555555556,0.5,True,0.07048866664656933,0.005603030200000001,20000,1395,0.06975,0.06630174909693295,0.0733634979293451,True,0.0007386666465693248,0.01606919046493979,True,0.06414696980000001
123,markov-p0.2-b0.2-stationary-xor-8-n8,binary_markov,xor-8,8,1,0.2,0.05000000000000001,0.2,,0.37223152540625015,0.5637923839999999,20000,7582,0.3791,0.37239992938329497,0.38584650493507117,False,0.00686847459374984,0.01606919046493979,True,0.18469238399999988
124,markov-p0.2-b0.2-stationary-xor-2-n2,binary_markov,xor-2,2,1,0.2,0.05000000000000001,0.2,,0.19400000000000006,0.10399999999999981,20000,3813,0.19065,0.185265585311272,0.1961532273966399,True,0.003350000000000075,0.01606919046493979,True,0.08665000000000017
125,markov-p0.2-b0.2-stationary-grid-3x3-n9,binary_markov,grid-3x3,9,6,0.2,0.05000000000000001,0.2,,0.22456086738087777,0.09977485475840009,20000,4516,0.2258,0.2200583976688338,0.23164691490433395,True,0.0012391326191222296,0.01606919046493979,True,0.1260251452415999
126,markov-p0.2-b0.2-stationary-grid-2x2-n4,binary_markov,grid-2x2,4,4,0.2,0.05000000000000001,0.2,,0.16308494000000007,0.037276160000000017,20000,3265,0.16325,0.158192539754964,0.16843679652882243,True,0.00016505999999993914,0.01606919046493979,True,0.12597384
127,markov-p0.2-b0.2-stationary-grid-3x3-n5,binary_markov,grid-3x3,5,5,0.2,0.05000000000000001,0.2,,0.15983923757500007,0.04715898880000003,20000,3174,0.1587,0.15370156547755098,0.163829518334346,True,0.0011392375750000627,0.01606919046493979,True,0.11154101119999998
128,markov-p0.2-b0.2-after-received-xor-8-n8,binary_markov,xor-8,8,1,0.2,0.05000000000000001,0.2,False,0.28071258502343766,0.5637923839999999,20000,5575,0.27875,0.2725787649185923,0.28500621103623397,True,0.0019625850234376574,0.01606919046493979,True,0.28504238399999987
129,markov-p0.2-b0.2-after-received-xor-2-n2,binary_markov,xor-2,2,1,0.2,0.05000000000000001,0.2,False,0.07850000000000001,0.10399999999999981,20000,1598,0.0799,0.07622245280892591,0.08373889588541318,True,0.0013999999999999846,0.01606919046493979,True,0.024099999999999816
130,markov-p0.2-b0.2-after-received-grid-3x3-n9,binary_markov,grid-3x3,9,6,0.2,0.05000000000000001,0.2,False,0.1630713438782524,0.09977485475840009,20000,3294,0.1647,0.15962403005905867,0.16990474932016508,True,0.001628656121747618,0.01606919046493979,True,0.06492514524159992
131,markov-p0.2-b0.2-after-received-grid-2x2-n4,binary_markov,grid-2x2,4,4,0.2,0.05000000000000001,0.2,False,0.08795124125000005,0.037276160000000017,20000,1746,0.0873,0.08346677755437842,0.09129172900633034,True,0.0006512412500000453,0.01606919046493979,True,0.050023839999999986
132,markov-p0.2-b0.2-after-received-grid-3x3-n5,binary_markov,grid-3x3,5,5,0.2,0.05000000000000001,0.2,False,0.09745286494843756,0.04715898880000003,20000,1933,0.09665,0.09263204164759281,0.10082287383886679,True,0.000802864948437565,0.01606919046493979,True,0.04949101119999997
133,markov-p0.2-b0.2-after-lost-xor-8-n8,binary_markov,xor-8,8,1,0.2,0.05000000000000001,0.2,True,0.7383072869375005,0.5637923839999999,20000,14873,0.74365,0.7375525145137013,0.749653906316159,True,0.00534271306249956,0.01606919046493979,True,0.17985761600000016
134,markov-p0.2-b0.2-after-lost-xor-2-n2,binary_markov,xor-2,2,1,0.2,0.05000000000000001,0.2,True,0.6560000000000001,0.10399999999999981,20000,13071,0.65355,0.6469264144626764,0.6601146112644939,True,0.0024500000000001743,0.01606919046493979,True,0.5495500000000002
135,markov-p0.2-b0.2-after-lost-grid-3x3-n9,binary_markov,grid-3x3,9,6,0.2,0.05000000000000001,0.2,True,0.4705189613913789,0.09977485475840009,20000,9290,0.4645,0.4575954464274215,0.4714181881325619,True,0.006018961391378863,0.01606919046493979,True,0.36472514524159994
136,markov-p0.2-b0.2-after-lost-grid-2x2-n4,binary_markov,grid-2x2,4,4,0.2,0.05000000000000001,0.2,True,0.4636197350000001,0.037276160000000017,20000,9145,0.45725,0.45035472320999015,0.46416169587280676,True,0.0063697350000000985,0.01606919046493979,True,0.41997384
137,markov-p0.2-b0.2-after-lost-grid-3x3-n5,binary_markov,grid-3x3,5,5,0.2,0.05000000000000001,0.2,True,0.4093847280812502,0.04715898880000003,20000,8197,0.40985,0.4030519886990332,0.4166826354018825,True,0.0004652719187497878,0.01606919046493979,True,0.36269101119999997
138,markov-p0.2-b0.5-stationary-xor-8-n8,binary_markov,xor-8,8,1,0.2,0.125,0.5,,0.48949532508850113,0.5637923839999999,20000,9607,0.48035,0.4734302715894264,0.4872772754275785,False,0.009145325088501133,0.01606919046493979,True,0.08344238399999987
139,markov-p0.2-b0.5-stationary-xor-2-n2,binary_markov,xor-2,2,1,0.2,0.125,0.5,,0.1625,0.10399999999999981,20000,3191,0.15955,0.1545404285877456,0.16469032876285597,True,0.002950000000000008,0.01606919046493979,True,0.05555000000000018
140,markov-p0.2-b0.5-stationary-grid-3x3-n9,binary_markov,grid-3x3,9,6,0.2,0.125,0.5,,0.15717617125774266,0.09977485475840009,20000,3160,0.158,0.15301077552697673,0.1631205771353988,True,0.0008238287422573376,0.01606919046493979,True,0.05822514524159991
141,markov-p0.2-b0.5-stationary-grid-2x2-n4,binary_markov,grid-2x2,4,4,0.2,0.125,0.5,,0.081512451171875,0.037276160000000017,20000,1643,0.08215,0.0784241652855796,0.08603631924650704,True,0.0006375488281250008,0.01606919046493979,True,0.044873839999999984
142,markov-p0.2-b0.5-stationary-grid-3x3-n5,binary_markov,grid-3x3,5,5,0.2,0.125,0.5,,0.08555097579956057,0.04715898880000003,20000,1654,0.0827,0.07896249163341164,0.08659778165901326,True,0.002850975799560576,0.01606919046493979,True,0.035541011199999965
143,markov-p0.2-b0.5-after-received-xor-8-n8,binary_markov,xor-8,8,1,0.2,0.125,0.5,False,0.46004313230514526,0.5637923839999999,20000,9249,0.46245,0.45554792049071047,0.469366501417103,True,0.002406867694854764,0.01606919046493979,True,0.10134238399999984
144,markov-p0.2-b0.5-after-received-xor-2-n2,binary_markov,xor-2,2,1,0.2,0.125,0.5,False,0.125,0.10399999999999981,20000,2481,0.12405,0.11955359038139049,0.12869080152919457,True,0.0009500000000000064,0.01606919046493979,True,0.02005000000000018
145,markov-p0.2-b0.5-after-received-grid-3x3-n9,binary_markov,grid-3x3,9,6,0.2,0.125,0.5,False,0.14416297991328975,0.09977485475840009,20000,2927,0.14635,0.14151934244528844,0.15131648465719436,True,0.002187020086710262,0.01606919046493979,True,0.04657514524159992
146,markov-p0.2-b0.5-after-received-grid-2x2-n4,binary_markov,grid-2x2,4,4,0.2,0.125,0.5,False,0.06776237487792969,0.037276160000000017,20000,1369,0.06845,0.06503259177365896,0.07203315454636493,True,0.0006876251220703095,0.01606919046493979,True,0.03117383999999998
147,markov-p0.2-b0.5-after-received-grid-3x3-n5,binary_markov,grid-3x3,5,5,0.2,0.125,0.5,False,0.0741841048002243,0.04715898880000003,20000,1464,0.0732,0.06967158959049947,0.07689233238699143,True,0.000984104800224303,0.01606919046493979,True,0.02604101119999997
148,markov-p0.2-b0.5-after-lost-xor-8-n8,binary_markov,xor-8,8,1,0.2,0.125,0.5,True,0.6073040962219238,0.5637923839999999,20000,12207,0.61035,0.6035707753415187,0.6170868423008988,True,0.00304590377807612,0.01606919046493979,True,0.04655761600000008
149,markov-p0.2-b0.5-after-lost-xor-2-n2,binary_markov,xor-2,2,1,0.2,0.125,0.5,True,0.3125,0.10399999999999981,20000,6318,0.3159,0.3094931785564491,0.32237752911940865,True,0.003400000000000014,0.01606919046493979,True,0.2119000000000002
150,markov-p0.2-b0.5-after-lost-grid-3x3-n9,binary_markov,grid-3x3,9,6,0.2,0.125,0.5,True,0.20922893663555442,0.09977485475840009,20000,4101,0.20505,0.19951146909511708,0.210701812974379,True,0.004178936635554409,0.01606919046493979,True,0.10527514524159992
151,markov-p0.2-b0.5-after-lost-grid-2x2-n4,binary_markov,grid-2x2,4,4,0.2,0.125,0.5,True,0.13651275634765625,0.037276160000000017,20000,2708,0.1354,0.13072808039721096,0.14021195229490047,True,0.0011127563476562574,0.01606919046493979,True,0.09812383999999998
152,markov-p0.2-b0.5-after-lost-grid-3x3-n5,binary_markov,grid-3x3,5,5,0.2,0.125,0.5,True,0.13101845979690552,0.04715898880000003,20000,2629,0.13145,0.12683783372264318,0.13620371605431153,True,0.0004315402030944937,0.01606919046493979,True,0.08429101119999999
