condition,method,seeds,failures,goodput_mbps_mean,goodput_mbps_std,completion_time_s_mean,completion_time_s_std,sender_completion_time_s_mean,sender_completion_time_s_std,retransmissions_mean,retransmissions_std,parity_overhead_ratio_mean,parity_overhead_ratio_std,total_forward_overhead_ratio_mean,total_forward_overhead_ratio_std,application_p95_delay_ms_mean,application_p95_delay_ms_std
clean,cost,5,0,2.5419284772321777,0.0,0.206256,0.0,0.25633279999999997,0.0,0,0.0,0.0,0.0,0.0390625,0.0,51.702400000000026,0.0
clean,legacy,5,0,2.5419284772321777,0.0,0.206256,0.0,0.25633279999999997,0.0,0,0.0,0.0,0.0,0.0390625,0.0,51.702400000000026,0.0
clean,fixed,5,0,2.3481189537800082,0.0,0.22327999999999992,0.0,0.2733567999999999,0.0,0,0.0,0.125,0.0,0.1689453125,0.0,51.70240000000001,0.0
clean,sr,5,0,2.5419284772321777,0.0,0.206256,0.0,0.25633279999999997,0.0,0,0.0,0.0,0.0,0.0390625,0.0,51.702400000000026,0.0
clean,cost-only,5,0,2.5419284772321777,0.0,0.206256,0.0,0.25633279999999997,0.0,0,0.0,0.0,0.0,0.0390625,0.0,51.702400000000026,0.0
clean,legacy-feedback,5,0,2.5419284772321777,0.0,0.206256,0.0,0.25633279999999997,0.0,0,0.0,0.0,0.0,0.0390625,0.0,51.702400000000026,0.0
random-2,cost,5,0,2.063023560547548,0.4577114375185239,0.2642899201999999,0.05748932468863961,0.3143667201999999,0.05748932468863961,0.8,0.8366600265340756,0.0125,0.01711632992203644,0.0650390625,0.024622129737765043,114.8435202,57.87973642320633
random-2,legacy,5,0,1.8433558999367676,0.6408923147391814,0.31147551999999995,0.0975512981008043,0.3615523199999999,0.0975512981008043,0.8,0.8366600265340756,0.00625,0.013975424859373685,0.058544921875,0.021168308591112114,162.36960000000002,101.0344317895637
random-2,fixed,5,0,2.337458285993777,0.009731813707646085,0.2243014399999999,0.0009324428818967706,0.2743782399999999,0.0009324428818967706,0,0.0,0.125,0.0,0.1689453125,0.0,53.06432000000001,1.86488576379358
random-2,sr,5,0,1.8444969799437338,0.6397376062550484,0.3111350399999999,0.09718316781072732,0.3612118399999999,0.09718316781072732,0.8,0.8366600265340756,0.0,0.0,0.05205078125,0.013583469669071294,162.36960000000002,101.0344317895637
random-2,cost-only,5,0,1.8422148199298014,0.6420424115022286,0.3118159999999999,0.09791656448221611,0.3618927999999999,0.09791656448221611,0.8,0.8366600265340756,0.0125,0.01711632992203644,0.0650390625,0.024622129737765043,162.36960000000002,101.0344317895637
random-2,legacy-feedback,5,0,2.0648332776833302,0.45575711633054555,0.26394944019999994,0.057118336814564796,0.3140262401999999,0.057118336814564796,0.8,0.8366600265340756,0.00625,0.013975424859373685,0.058544921875,0.021168308591112114,114.8435202,57.87973642320633
random-5,cost,5,0,1.7011235327632126,0.1995885747182673,0.3114860803999999,0.035033600166313336,0.3615628803999999,0.035033600166313336,3,1.7320508075688772,0.075,0.11015347957509104,0.1656982421875,0.14172262344198053,162.03968039999998,10.465792489836595
random-5,legacy,5,0,1.3582381770907457,0.09542473277099958,0.38752351999999995,0.027035484176762804,0.43760031999999993,0.027035484176762804,3,1.7320508075688772,0.059375,0.11608859763129194,0.149462890625,0.14764354085974848,238.41760000000002,1.2037785842919766
random-5,fixed,5,0,1.6523019058584802,0.6502087057083721,0.3634591999999999,0.15286169880202172,0.4135359999999999,0.15286169880202174,1.8,2.04939015319192,0.125,0.0,0.1981689453125,0.03327256962579655,164.75296000000003,100.957415476269
random-5,sr,5,0,1.2251189558731146,0.37756219410012315,0.48933824000000004,0.25036925415739053,0.53941504,0.25036925415739053,3.6,3.0495901363953815,0.0,0.0,0.097509765625,0.04951116798591134,312.76320000000004,167.19511103282898
random-5,cost-only,5,0,1.3537319190073067,0.09769061000889556,0.3888854399999999,0.02765024642725615,0.4389622399999999,0.02765024642725615,3,1.7320508075688772,0.075,0.11015347957509104,0.1656982421875,0.14172262344198053,238.41760000000002,1.2037785842919766
random-5,legacy-feedback,5,0,1.7093166750894582,0.1935089298699137,0.30978368039999993,0.03383230222487838,0.3598604803999999,0.03383230222487838,3,1.7320508075688772,0.059375,0.11608859763129194,0.149462890625,0.14764354085974848,162.03968039999998,10.465792489836595
random-10,cost,5,0,1.4008689775205967,0.3117497998644125,0.39099104039999977,0.09639675619400967,0.4410678403999998,0.0963967561940097,4.8,1.4832396974191326,0.209375,0.1430349061418226,0.3345458984375,0.16770418756308839,204.5052802,84.92184119193931
random-10,legacy,5,0,1.1043499423374286,0.28395578160937396,0.5067027199999998,0.1581084561529585,0.5567795199999999,0.1581084561529585,5,1.5811388300841898,0.14375,0.12022115038544591,0.2696044921875,0.14311073319571235,276.4416,82.17254374351567
random-10,fixed,5,0,1.361171338079884,0.5927367692679312,0.4378047999999999,0.15835348270094968,0.48788159999999986,0.1583534827009497,3.6,2.6076809620810595,0.125,0.0,0.227392578125,0.04233661718222423,203.11744,82.85399996504694
random-10,sr,5,0,1.003001303383102,0.34213500877675024,0.5732172799999999,0.18710052044105058,0.62329408,0.1871005204410506,6.2,2.588435821108957,0.0,0.0,0.1397216796875,0.04202416555267227,313.10368,100.71645338569063
random-10,cost-only,5,0,1.1278156897845537,0.2213958661810381,0.4802550399999998,0.0987972528887721,0.5303318399999998,0.09879725288877213,4.8,1.4832396974191326,0.209375,0.1430349061418226,0.3345458984375,0.16770418756308839,276.4416,82.17254374351567
random-10,legacy-feedback,5,0,1.393844496702211,0.3546348637320595,0.40113248059999984,0.1261223251723107,0.4512092805999998,0.12612232517231073,5,1.5811388300841898,0.14375,0.12022115038544591,0.2696044921875,0.14311073319571235,204.5052802,84.92184119193931
random-20,cost,5,0,1.115004859214144,0.2844222607093498,0.4898665601999997,0.09683589576184808,0.5399433601999997,0.0968358957618481,8,1.5811388300841898,0.28125,0.10993161937086163,0.461181640625,0.13583469669071294,280.22816,101.98333459839405
random-20,legacy,5,0,0.8066420298400571,0.2883347693323469,0.7053347199999999,0.19826222199065566,0.7554115199999999,0.19826222199065568,9.2,2.280350850198276,0.3,0.17448305343929535,0.500146484375,0.20619535661537278,461.11392000000006,154.1006328424125
random-20,fixed,5,0,1.0031147620087115,0.2695597690785882,0.5552815999999999,0.15460262939652739,0.6053584,0.1546026293965274,8.6,4.39317652729776,0.125,0.0,0.3085693359375,0.071324765396802,277.46304000000003,81.63818227942116
random-20,sr,5,0,0.6288341191188205,0.07512569716578563,0.84381152,0.1053212343165043,0.89388832,0.10532123431650423,12.4,3.847076812334269,0.0,0.0,0.240380859375,0.06245864453618869,388.81120000000004,83.1339817614915
random-20,cost-only,5,0,0.939150475007447,0.2081831364064292,0.5757103999999997,0.098424960853637,0.6257871999999998,0.09842496085363703,8,1.5811388300841898,0.28125,0.10993161937086163,0.461181640625,0.13583469669071294,350.44672,100.71645338569064
random-20,legacy-feedback,5,0,0.950418714994745,0.3668695175747539,0.6042060803999998,0.17466843884754318,0.6542828803999998,0.1746684388475432,9.2,2.280350850198276,0.3,0.17448305343929535,0.500146484375,0.20619535661537278,387.81568020000003,153.3441157584476
slow-link,cost,5,0,0.6275929334183526,0.15776049483216395,0.8834159999999999,0.24680096142438432,0.9338,0.24680096142438426,4.8,1.4832396974191326,0.159375,0.12664927580724653,0.2825927734375,0.15186780775174993,409.77760000000006,233.71747295570356
slow-link,legacy,5,0,0.4201307020631591,0.09583375469648417,1.3159904000000004,0.3786182172648335,1.3663744000000004,0.3786182172648335,5.2,1.4832396974191326,0.134375,0.10802741260902253,0.2631103515625,0.1315965131434671,769.0815999999995,186.88923371023822
slow-link,fixed,5,0,0.4954406047412897,0.1944699669375392,1.1824127999999998,0.41139838874161844,1.2327967999999998,0.4113983887416184,3.6,2.6076809620810595,0.125,0.0,0.227392578125,0.04233661718222423,512.9311999999999,250.8254509319178
slow-link,sr,5,0,0.3724920082333923,0.12498000092509454,1.5380928000000003,0.4913617454739436,1.5884768000000002,0.49136174547394357,6.2,2.588435821108957,0.0,0.0,0.1397216796875,0.04202416555267227,822.7791999999997,259.16400099396526
slow-link,cost-only,5,0,0.4284040427209911,0.0651730227386836,1.2473232000000007,0.1950449968679032,1.2977072000000007,0.1950449968679032,5,1.4142135623730951,0.15,0.11081639516560715,0.2760986328125,0.13612545984188767,774.1887999999994,186.84566873010473
slow-link,legacy-feedback,5,0,0.6347280791567179,0.16055422751568948,0.8779568001999999,0.2651665430843228,0.9283408001999999,0.26516654308432275,5,1.5811388300841898,0.14375,0.12022115038544591,0.2696044921875,0.14311073319571235,409.77760000000006,233.71747295570356
fast-link,cost,5,0,1.7976233199297051,0.283877447803026,0.2990582402000002,0.05873185384558999,0.3490774402000002,0.05873185384558999,4.6,1.6733200530681511,0.246875,0.13949196325416027,0.370263671875,0.16096759533268976,179.3763202,56.37673573067386
fast-link,legacy,5,0,1.5260964023371086,0.3804276600171693,0.3651756800000001,0.10963456363844416,0.4151948800000001,0.10963456363844419,5,1.5811388300841898,0.14375,0.12022115038544591,0.2696044921875,0.14311073319571235,201.1104,55.76068448360367
fast-link,fixed,5,0,1.8504897102594677,0.7579395540162049,0.3164512,0.105348190979817,0.3664704,0.105348190979817,3.6,2.6076809620810595,0.125,0.0,0.227392578125,0.04233661718222423,151.27936,55.91366006521126
fast-link,sr,5,0,1.3719587708912009,0.4298027316651458,0.41330432000000017,0.1254646814718471,0.46332352000000016,0.12546468147184714,6.2,2.588435821108957,0.0,0.0,0.1397216796875,0.04202416555267227,226.02592000000004,68.31188621983736
fast-link,cost-only,5,0,1.6691494537720661,0.24441723847283195,0.3208774400000002,0.057879505596783266,0.37089664000000017,0.057879505596783266,4.6,1.6733200530681511,0.246875,0.13949196325416027,0.370263671875,0.16096759533268976,201.02528,55.80836917767799
fast-link,legacy-feedback,5,0,1.6666809449204112,0.4043745194060227,0.3335331206000001,0.09889853644807682,0.3835523206000001,0.09889853644807685,5,1.5811388300841898,0.14375,0.12022115038544591,0.2696044921875,0.14311073319571235,179.3763202,56.37673573067386
short-delay,cost,5,0,3.396627752932614,0.7984252908245051,0.16248320000000008,0.04433243262443405,0.16756000000000007,0.044332432624434044,4.8,1.4832396974191326,0.159375,0.12664927580724653,0.2825927734375,0.15186780775174993,75.75552000000005,44.063046269998146
short-delay,legacy,5,0,2.29687779813763,0.5071260206984076,0.2403004799999999,0.06885658148145314,0.2453772799999999,0.06885658148145314,5.2,1.4832396974191326,0.134375,0.10802741260902253,0.2631103515625,0.1315965131434671,135.30335999999994,36.73799443366502
short-delay,fixed,5,0,2.6762412332649825,0.9805456366504508,0.21690847999999993,0.07409225268347545,0.22198527999999992,0.07409225268347545,3.6,2.6076809620810595,0.125,0.0,0.227392578125,0.04233661718222423,93.21247999999996,47.47318885467876
short-delay,sr,5,0,2.072137283893229,0.7016083910256103,0.2772291199999999,0.09039152967326079,0.2823059199999999,0.09039152967326079,6.2,2.588435821108957,0.0,0.0,0.1397216796875,0.04202416555267227,145.76639999999998,49.726649621304674
short-delay,cost-only,5,0,2.3394755037004935,0.3222106702496833,0.22776703999999987,0.033482030707351,0.23284383999999986,0.033482030707351,5,1.4142135623730951,0.15,0.11081639516560715,0.2760986328125,0.13612545984188767,136.32479999999993,36.64257168267536
short-delay,legacy-feedback,5,0,3.457971271166667,0.782919323536404,0.15939136020000008,0.043874734543993606,0.16446816020000007,0.043874734543993606,5,1.5811388300841898,0.14375,0.12022115038544591,0.2696044921875,0.14311073319571235,75.75552000000006,44.06304626999813
long-delay,cost,5,0,0.5828441487403027,0.09416822619869064,0.9232329602000008,0.18410511657114673,1.0733097602000008,0.1841051165711467,4.6,1.6733200530681511,0.246875,0.13949196325416027,0.370263671875,0.16096759533268976,544.5052801999999,174.1284327484428
long-delay,legacy,5,0,0.49414893352758793,0.1222195232049337,1.1267027200000004,0.33590419453628845,1.2767795200000003,0.33590419453628845,5,1.5811388300841898,0.14375,0.12022115038544591,0.2696044921875,0.14311073319571235,616.4416,171.6135395162049
long-delay,fixed,5,0,0.5981685214213691,0.24260635707127223,0.9778047999999999,0.3252671294236784,1.1278815999999998,0.32526712942367836,3.6,2.6076809620810595,0.125,0.0,0.227392578125,0.04233661718222423,463.11744000000004,172.23765357844377
long-delay,sr,5,0,0.44547587216639134,0.13987672936907836,1.2732172800000006,0.38690138892140535,1.4232940800000005,0.38690138892140535,6.2,2.588435821108957,0.0,0.0,0.1397216796875,0.04202416555267227,693.10368,210.25971554863287
long-delay,cost-only,5,0,0.5381662992869568,0.07955464385268035,0.9955097600000008,0.18044331489431464,1.1455865600000008,0.1804433148943146,4.6,1.6733200530681511,0.246875,0.13949196325416027,0.370263671875,0.16096759533268976,616.10112,171.80439902503082
long-delay,legacy-feedback,5,0,0.5438853953564745,0.13095957562972851,1.0211324806000004,0.30071763670737833,1.1712092806000003,0.3007176367073783,5,1.5811388300841898,0.14375,0.12022115038544591,0.2696044921875,0.14311073319571235,544.5052801999999,174.1284327484428
burst,cost,5,0,1.992876491900833,0.5446730611085102,0.2799520001999999,0.07774691164208115,0.33002880019999986,0.07774691164208115,4.8,4.764451699828638,0.103125,0.14217891457596657,0.2241455078125,0.21920730949778602,120.63168019999999,63.45876136434556
burst,legacy,5,0,1.8158765400051513,0.6699825823539003,0.3203279999999999,0.10777103698192746,0.37040479999999987,0.10777103698192746,4.8,4.764451699828638,0.084375,0.13603624287299323,0.2046630859375,0.20867322057977836,164.75296000000003,103.20056975098538
burst,fixed,5,0,1.7033346201539583,0.588604873754874,0.3363305599999999,0.10320056975098536,0.38640735999999987,0.10320056975098536,4,4.0,0.125,0.0,0.23388671875,0.06494140625,164.41248000000002,102.8921027369545
burst,sr,5,0,1.845929831685665,0.6387294244197883,0.31079455999999994,0.09699906033425268,0.3608713599999999,0.09699906033425268,4.8,4.764451699828638,0.0,0.0,0.1169921875,0.07735254834926866,164.75296000000003,103.20056975098538
burst,cost-only,5,0,1.8066789985379788,0.6794659132108943,0.3233923199999999,0.11113670567815107,0.3734691199999999,0.11113670567815107,4.8,4.764451699828638,0.103125,0.14217891457596657,0.2241455078125,0.21920730949778602,164.75296000000003,103.20056975098538
burst,legacy-feedback,5,0,2.0144689677860064,0.5185709401709755,0.2748448001999999,0.07133031084942207,0.3249216001999999,0.07133031084942207,4.8,4.764451699828638,0.084375,0.13603624287299323,0.2046630859375,0.20867322057977836,120.63168019999999,63.45876136434556
changing,cost,5,0,2.5419284772321777,0.0,0.206256,0.0,0.25633279999999997,0.0,0,0.0,0.0,0.0,0.0390625,0.0,51.702400000000026,0.0
changing,legacy,5,0,2.5419284772321777,0.0,0.206256,0.0,0.25633279999999997,0.0,0,0.0,0.0,0.0,0.0390625,0.0,51.702400000000026,0.0
changing,fixed,5,0,2.3481189537800082,0.0,0.22327999999999992,0.0,0.2733567999999999,0.0,0,0.0,0.125,0.0,0.1689453125,0.0,51.70240000000001,0.0
changing,sr,5,0,2.5419284772321777,0.0,0.206256,0.0,0.25633279999999997,0.0,0,0.0,0.0,0.0,0.0390625,0.0,51.702400000000026,0.0
changing,cost-only,5,0,2.5419284772321777,0.0,0.206256,0.0,0.25633279999999997,0.0,0,0.0,0.0,0.0,0.0390625,0.0,51.702400000000026,0.0
changing,legacy-feedback,5,0,2.5419284772321777,0.0,0.206256,0.0,0.25633279999999997,0.0,0,0.0,0.0,0.0,0.0390625,0.0,51.702400000000026,0.0
ack-loss,cost,5,0,1.3511419326120688,0.31370697517182566,0.4052336003999998,0.09500985829042366,0.47220928059999984,0.0930220968354018,5,1.8708286933869707,0.171875,0.137553256731711,0.298828125,0.16911283357226287,222.47776019999992,86.34555769174646
ack-loss,legacy,5,0,0.8902815195205191,0.23688262006735647,0.62145568,0.15563819594698472,0.7458780799999999,0.17701912782304616,9,2.5495097567963922,0.20625,0.17378203391749103,0.3994873046875,0.19154962891592764,276.4416,82.17254374351567
ack-loss,fixed,5,0,1.042187073960767,0.21358355266835358,0.5193004799999998,0.09902835827798016,0.7472399999999999,0.20240489045475163,8.4,1.9493588689617927,0.125,0.0,0.305322265625,0.03164852655907208,202.096,81.2443252260735
ack-loss,sr,5,0,0.8212576135032549,0.12916697315631812,0.65198912,0.1080984965809978,0.8083068800000001,0.01704101549650128,10.8,2.7748873851023217,0.0,0.0,0.214404296875,0.045051272243482515,276.4416,82.17254374351566
ack-loss,cost-only,5,0,0.9780067131018402,0.1885826886427738,0.5494934399999999,0.08729952218407615,0.70172544,0.11263212200064421,8.4,2.6076809620810595,0.184375,0.1186883063427059,0.3670166015625,0.14941816635978425,276.4416,82.17254374351567
ack-loss,legacy-feedback,5,0,1.3287132388900686,0.3478462527042865,0.4191203205999998,0.12131984136149339,0.4691971205999998,0.12131984136149342,5,1.5811388300841898,0.146875,0.16958704439018918,0.2728515625,0.19637394298727923,222.47776019999992,86.34555769174646
