axis,value,scheme,seeds,goodput_mbps_mean,goodput_mbps_std,completion_time_s_mean,completion_time_s_std,retransmissions_mean,retransmissions_std,parity_overhead_ratio_mean,parity_overhead_ratio_std,p95_delay_ms_mean,p95_delay_ms_std,application_p95_delay_ms_mean,application_p95_delay_ms_std
baseline,baseline,gbn,5,0.3599520852633321,0.11997921038620758,1.5816252800000017,0.4864742382337973,146.4,63.71263610933078,0.0,0.0,974.869440000001,283.7457143392452,974.869440000001,283.7457143392452
baseline,baseline,sr,5,1.003001303383102,0.34213500877675024,0.5732172799999999,0.18710052044105058,6.2,2.588435821108957,0.0,0.0,202.43648000000002,84.26291235147288,313.10368,100.71645338569063
baseline,baseline,fixed,5,1.361171338079884,0.5927367692679312,0.4378047999999999,0.15835348270094968,3.6,2.6076809620810595,0.125,0.0,166.11488000000003,100.60607105911652,203.11744,82.85399996504694
baseline,baseline,adaptive,5,1.1043499423374286,0.28395578160937396,0.5067027199999998,0.1581084561529585,5,1.5811388300841898,0.14375,0.12022115038544591,202.43648000000002,84.26291235147286,276.4416,82.17254374351567
delay_ms,0,gbn,5,0.7475495856128361,0.2510333338015305,0.7632438399999998,0.23889120018378257,146.4,63.71263610933078,0.0,0.0,443.7903999999999,139.8005006228519,443.7903999999999,139.8005006228519
delay_ms,0,sr,5,2.401458384885493,0.7941379547245702,0.23787328,0.07510693680154977,6.2,2.588435821108957,0.0,0.0,73.47328000000003,40.18388797754643,125.20800000000003,47.29857637096487
delay_ms,0,fixed,5,3.0012538052694446,0.9398686902963708,0.18888384000000003,0.057866505291817895,3.6,2.6076809620810595,0.125,0.0,56.13024000000002,45.90468941413287,75.87200000000003,40.09208488467519
delay_ms,0,adaptive,5,2.622125719507105,0.573973769559186,0.21032191999999997,0.05988595393138522,5.2,1.4832396974191326,0.134375,0.10802741260902253,74.15424,40.67220185001053,117.72352,34.61015916334391
delay_ms,25,gbn,5,0.49558925551288546,0.1727513459445635,1.1582438400000006,0.3739837610448463,146.4,63.71263610933078,0.0,0.0,718.7904000000003,218.8574421270618,718.7904000000003,218.8574421270618
delay_ms,25,sr,5,1.456791444694601,0.5249505532005204,0.3987568,0.13651229277043145,6.2,2.588435821108957,0.0,0.0,137.43648,61.902232576474965,218.10368,73.33122106300974
delay_ms,25,fixed,5,2.0013026687086124,0.9208460525999904,0.30280479999999993,0.11681226598058946,3.6,2.6076809620810595,0.125,0.0,111.11488,73.23767837631118,138.11744000000002,60.5353558691778
delay_ms,25,adaptive,5,1.595128915760121,0.42349264759601307,0.3522422399999999,0.11359228879518188,5,1.5811388300841898,0.14375,0.12022115038544591,137.43648,61.902232576474965,191.4416,59.813100114272636
delay_ms,100,gbn,5,0.23223669286393742,0.07370175218395719,2.431625280000003,0.7094348627359346,146.4,63.71263610933078,0.0,0.0,1484.8694400000022,414.71264075970595,1484.8694400000022,414.71264075970595
delay_ms,100,sr,5,0.6168474111525281,0.19878547034818253,0.92321728,0.28696627806993635,6.2,2.588435821108957,0.0,0.0,332.43648,128.98427190146865,503.1036800000001,155.4878644222501
delay_ms,100,fixed,5,0.830939666804906,0.3446256677056353,0.7078047999999998,0.24173801000984507,3.6,2.6076809620810595,0.125,0.0,276.11487999999997,155.36160894491275,333.11744,127.5354747127559
delay_ms,100,adaptive,5,0.6826541503890491,0.17052928126733344,0.8167027199999999,0.2468095539217882,5,1.5811388300841898,0.14375,0.12022115038544591,332.43647999999996,128.98427190146865,446.4416,126.89273795328087
bandwidth_mbps,1,gbn,5,0.12824226153479545,0.04362575400548223,4.458219199999999,1.410604098296611,146.4,63.71263610933078,0.0,0.0,2668.9520000000007,825.4936095209921,2668.9520000000007,825.4936095209921
bandwidth_mbps,1,sr,5,0.3724920082333923,0.12498000092509454,1.5380928000000003,0.4913617454739436,6.2,2.588435821108957,0.0,0.0,476.1824000000001,233.48485164738207,822.7791999999997,259.16400099396526
bandwidth_mbps,1,fixed,5,0.4954406047412897,0.1944699669375392,1.1824127999999998,0.41139838874161844,3.6,2.6076809620810595,0.125,0.0,380.2768000000001,274.7821721495046,512.9311999999999,250.8254509319178
bandwidth_mbps,1,adaptive,5,0.4201307020631591,0.09583375469648417,1.3159904000000004,0.3786182172648335,5.2,1.4832396974191326,0.134375,0.10802741260902253,476.1824000000001,233.48485164738204,769.0815999999995,186.88923371023822
bandwidth_mbps,2,gbn,5,0.2169028782210661,0.07495443383090525,2.6426095999999983,0.8471492380524207,146.4,63.71263610933078,0.0,0.0,1621.9759999999997,495.75659333991564,1621.9759999999997,495.75659333991564
bandwidth_mbps,2,sr,5,0.6163276869520348,0.21092260423981332,0.9292544000000003,0.2902905896593966,6.2,2.588435821108957,0.0,0.0,305.0912,140.22113958743878,511.1632,146.12452602900044
bandwidth_mbps,2,fixed,5,0.873931019567091,0.3832750228819295,0.6864000000000003,0.2585753999745531,3.6,2.6076809620810595,0.125,0.0,245.7872,165.31075460235488,306.7936000000001,136.8453221297681
bandwidth_mbps,2,adaptive,5,0.7139605845540719,0.17137676422166442,0.7811344000000006,0.24793054604223363,4.8,1.7888543819998317,0.140625,0.1137517170200081,245.78719999999998,167.18128896261086,462.92480000000006,123.85607590748222
bandwidth_mbps,10,gbn,5,0.4577779314143883,0.14586016826305515,1.2343126400000015,0.36146226568798095,146.4,63.71263610933078,0.0,0.0,754.9347200000012,211.25991243364703,754.9347200000012,211.25991243364703
bandwidth_mbps,10,sr,5,1.2218694102267011,0.39644025009088985,0.46660864,0.1459809891298453,6.2,2.588435821108957,0.0,0.0,168.21824,65.61016993948422,255.05184000000003,79.11322516272487
bandwidth_mbps,10,fixed,5,1.6520960443385588,0.6940351535621311,0.3569023999999999,0.12295612782972627,3.6,2.6076809620810595,0.125,0.0,139.55743999999999,79.04984493019577,168.55872,64.88513487349779
bandwidth_mbps,10,adaptive,5,1.3533675037792539,0.34047156017167673,0.41235135999999994,0.12562920590677953,5,1.5811388300841898,0.14375,0.12022115038544591,168.21823999999998,65.61016993948422,226.2208,64.56438442609054
window,8,gbn,5,0.364539931913673,0.07306839056047182,1.4851136000000018,0.2962883662920303,46.4,20.36663938896155,0.0,0.0,341.07040000000046,84.65406971906349,341.07040000000046,84.65406971906349
window,8,sr,5,0.43076677819060916,0.0617517562975796,1.2353996800000009,0.1606919578578596,6.2,2.588435821108957,0.0,0.0,169.75040000000004,65.99083815197379,227.41248000000007,63.90141503434804
window,8,fixed,5,0.46017801498524447,0.0915429999017022,1.172887360000001,0.2140684611287903,3.4,2.3021728866442674,0.125,0.0,112.08832000000007,78.8805276201421,199.60288000000014,101.39663365394338
window,8,adaptive,5,0.4977522608087246,0.03436882293511847,1.0571136000000005,0.06893842949879288,2.2,0.4472135954999579,0.4625,0.15372967345311053,57.83104000000008,3.919219122223132,196.19808000000003,0.7613364249791177
window,16,gbn,5,0.3478757254263213,0.08179110598067779,1.5700720000000017,0.33870857110808444,120.6,38.507142194663054,0.0,0.0,686.350080000001,144.16305910361407,686.350080000001,144.16305910361407
window,16,sr,5,0.5986604953458348,0.13301866840107324,0.909208,0.18832967177882512,6.2,2.588435821108957,0.0,0.0,180.64576,72.0815295518068,307.20576,86.11700225233109
window,16,fixed,5,0.7550351879144843,0.2874198257237248,0.7633871999999999,0.23662621317512572,3.4,2.3021728866442674,0.125,0.0,87.34304,70.30712393241525,245.11743999999996,172.7137997945966
window,16,adaptive,5,0.6512935620140053,0.06621183978075955,0.8115526399999999,0.08078155195815433,4.2,1.0954451150103321,0.296875,0.22937372274848747,148.40992,83.03951331957578,305.84384,86.41659787684307
window,64,gbn,5,0.2563890400014995,0.048209652411191,2.102108800000004,0.3840497674500017,252.4,95.6101459051287,0.0,0.0,1946.2787200000037,316.6955513380515,1946.2787200000037,316.6955513380515
window,64,sr,5,1.1100336655904832,0.31966110411006077,0.5023008,0.1307535333390268,6.2,2.588435821108957,0.0,0.0,246.01791999999998,108.62567795080496,438.29055999999997,131.95958572884348
window,64,fixed,5,1.7255924603546544,0.7625856327194026,0.3386284800000001,0.10000489081415967,3.4,2.4083189157584592,0.125,0.0,198.80096,130.43339520647308,246.01792,106.76645648157476
window,64,adaptive,5,1.1100336655904832,0.31966110411006077,0.5023008,0.1307535333390268,6.2,2.588435821108957,0.0,0.0,246.01791999999998,108.62567795080496,438.29055999999997,131.95958572884348
timeout_ms,70,gbn,5,0.8871106789878374,0.26514556487813634,0.6321894399999997,0.17268224622527928,188.8,61.66603603281145,0.0,0.0,324.17152,106.35184608022564,324.17152,106.35184608022564
timeout_ms,70,sr,5,1.4125121813566288,0.32036923770401504,0.38398272000000006,0.0713410617237506,71.2,3.492849839314596,0.0,0.0,110.7667200000001,33.070034240562904,175.43231999999998,33.99929844735033
timeout_ms,70,fixed,5,1.7300401941030976,0.29876510018016306,0.3102707199999999,0.05306494991340333,69,4.47213595499958,0.125,0.0,94.38336000000001,35.45199178788125,122.38335999999998,46.55577599533705
timeout_ms,70,adaptive,5,1.5955677125844405,0.2736819467171912,0.3364147199999999,0.05738809655418096,69.4,2.701851217221259,0.159375,0.12760948118184637,109.06432000000004,32.06628810997619,147.61920000000006,34.56212571240365
timeout_ms,180,gbn,5,0.3712337298667566,0.1229024717595389,1.5319328000000012,0.46833687015736947,146.4,63.71263610933078,0.0,0.0,941.2934400000006,273.1587467432963,941.2934400000006,273.1587467432963
timeout_ms,180,sr,5,1.0245460550902674,0.34488469511065484,0.5597868799999999,0.18039966418558537,6.2,2.588435821108957,0.0,0.0,197.06432,81.25978361497154,303.7024,97.03847775887667
timeout_ms,180,fixed,5,1.3789202212757758,0.5845124529865323,0.42974655999999983,0.15276507389573035,3.6,2.6076809620810595,0.125,0.0,162.08576,96.92980404791912,197.74527999999998,79.85514955588022
timeout_ms,180,adaptive,5,1.1259749648837079,0.285448585456349,0.4959583999999998,0.1521831090422324,5,1.5811388300841898,0.14375,0.12022115038544591,197.06432,81.25978361497154,268.38336,79.16954043448779
timeout_ms,500,gbn,5,0.14908403833623213,0.0560229694487638,3.8999328000000033,1.3328231090241511,146.4,63.71263610933078,0.0,0.0,2541.2934400000026,778.5902471276976,2541.2934400000026,778.5902471276976
timeout_ms,500,sr,5,0.5109637695343002,0.22564651029123647,1.1997868800000007,0.5001440180970605,6.2,2.588435821108957,0.0,0.0,453.06432,224.3681341749581,751.7024000000001,272.3080941980242
timeout_ms,500,fixed,5,0.9373400209528817,0.7950390260838592,0.81374656,0.41995876726455894,3.6,2.6076809620810595,0.125,0.0,354.08576,272.1693261790682,453.74528000000004,222.88772445020837
timeout_ms,500,adaptive,5,0.5881446665814405,0.20011545626812358,1.0079584000000006,0.43700671239439903,5,1.5811388300841898,0.14375,0.12022115038544591,453.06432,224.3681341749581,652.38336,222.27568137924578
packet_size,512,gbn,5,0.24973233741892675,0.033527574360540185,2.1342665600000057,0.32609735182998406,356,80.941336781647,0.0,0.0,778.3040000000004,97.10886498935068,778.3040000000004,97.10886498935068
packet_size,512,sr,5,0.5238372024471301,0.11381094358870658,1.0430236799999997,0.24601145172278488,15.6,3.5777087639996634,0.0,0.0,199.16,1.2710574864626037e-14,344.6105600000001,102.97852562844356
packet_size,512,fixed,5,0.7366809589815297,0.145699385086578,0.731299199999999,0.12494945625171784,9.6,3.9115214431215892,0.125,0.0,170.03455999999994,65.12646371459151,198.8067199999999,1.3394391184374426
packet_size,512,adaptive,5,0.6907742902775759,0.06178125960525094,0.7640326399999985,0.07054137659535742,7.6,2.1908902300206643,0.34375,0.17755184652130487,142.8521599999999,77.11849140931129,255.82112000000004,77.99289158501568
packet_size,1200,gbn,5,0.5644631583726317,0.29656411135216243,1.1933436799999997,0.6503465574977326,109.2,74.62707283553335,0.0,0.0,764.53248,509.6932225871085,764.53248,509.6932225871085
packet_size,1200,sr,5,1.0602528000486318,0.23829440326987,0.5136991999999999,0.10684699810851021,5.2,1.7888543819998317,0.0,0.0,254.20000000000005,2.5421149729252075e-14,293.8496,88.65920088067567
packet_size,1200,fixed,5,1.5155301585730174,0.5135552277945215,0.3693855999999999,0.08660173847677634,2.8,1.7888543819998317,0.128173828125,0.0,175.29760000000005,107.17578792245945,213.75680000000003,87.1220076169047
packet_size,1200,adaptive,5,1.1171366368989413,0.2160114652493614,0.48476319999999984,0.10004969987361283,4.8,1.4832396974191326,0.113525390625,0.09461433605539903,254.20000000000005,2.5421149729252075e-14,293.8496,88.65920088067567
fixed_k,4,fixed,5,1.4546986972263212,0.539445518604582,0.3963759999999999,0.12837656166388003,2,1.8708286933869707,0.25,0.0,91.76928,82.02308189791457,198.35072000000002,82.00541322542067
fixed_k,16,fixed,5,1.1542697701591027,0.254673078829566,0.4737859199999999,0.11123038215969591,5,2.23606797749979,0.0625,0.0,200.05312,83.03862016888287,243.18432,8.460773857750809
burst_mean_packets,2,gbn,5,0.9284256048398003,0.40468213870870906,0.6866812800000003,0.37141782537367873,59,50.40833264451424,0.0,0.0,428.5376,230.76348927991185,428.5376,230.76348927991185
burst_mean_packets,2,sr,5,1.2953178437077204,0.22850682902741914,0.41771648000000006,0.09230625378701054,4.2,3.96232255123179,0.0,0.0,127.06944000000003,103.2005697509854,238.41760000000002,2.085005669057032
burst_mean_packets,2,fixed,5,1.619262734656931,0.6767404995507973,0.37435455999999995,0.15672963088978417,2.6,3.2093613071762426,0.125,0.0,126.72896000000001,102.7361114380333,155.97344,90.61517556330176
burst_mean_packets,2,adaptive,5,1.2392655589652333,0.33647816637822264,0.46425247999999997,0.19092026601749734,4.6,4.8270073544588685,0.0875,0.16298006013006622,127.06944000000003,103.2005697509854,238.41760000000002,2.085005669057032
burst_mean_packets,5,gbn,5,1.6840474127298481,0.8267206565430576,0.3946735999999999,0.23076348927991183,21.2,20.079840636817814,0.0,0.0,202.43648000000002,157.64147421548682,202.43648000000002,157.64147421548682
burst_mean_packets,5,sr,5,1.845929831685665,0.6387294244197883,0.31079455999999994,0.09699906033425268,4.8,4.764451699828638,0.0,0.0,164.75296000000003,103.20056975098538,164.75296000000003,103.20056975098538
burst_mean_packets,5,fixed,5,1.7033346201539583,0.588604873754874,0.3363305599999999,0.10320056975098536,4,4.0,0.125,0.0,164.41248000000002,102.8921027369545,164.41248000000002,102.8921027369545
burst_mean_packets,5,adaptive,5,1.8158765400051513,0.6699825823539003,0.3203279999999999,0.10777103698192746,4.8,4.764451699828638,0.084375,0.13603624287299323,164.75296000000003,103.20056975098538,164.75296000000003,103.20056975098538
burst_mean_packets,10,gbn,5,1.9267512890731056,0.8730440461426611,0.35699007999999993,0.24566649422050207,13.8,20.054924582256596,0.0,0.0,164.75296,168.52582470294573,164.75296,168.52582470294573
burst_mean_packets,10,sr,5,2.0723037803131032,0.6436650876600095,0.2771968,0.0974543140290875,3.6,5.366563145999495,0.0,0.0,127.06944000000003,103.20056975098538,127.06944000000003,103.20056975098538
burst_mean_packets,10,fixed,5,1.9424828144543322,0.5570879052638146,0.2914969599999999,0.09426120329620237,3.2,4.868264577855234,0.125,0.0,127.06944000000001,103.20056975098538,127.06944000000001,103.20056975098538
burst_mean_packets,10,adaptive,5,2.0656012344904378,0.6534480363465174,0.27923968,0.10058920234951661,3.6,5.366563145999495,0.00625,0.013975424859373685,127.06944000000003,103.20056975098538,127.06944000000003,103.20056975098538
