model,loss,parity_ratio,code,blocks,failed,failure_rate,wilson_low,wilson_high
bernoulli,0.01,1.0,grid-2x2,5000,0,0.0,0,0.0007677019450571244
bernoulli,0.01,1.0,per-packet-replication,5000,1,0.0002,3.530578343936526e-05,0.0011320890808397363
bernoulli,0.01,0.5,pairwise-xor,5000,1,0.0002,3.530578343936526e-05,0.0011320890808397363
bernoulli,0.01,0.5,repeated-block-xor,5000,3,0.0006,0.00020407465419434642,0.001762706048528709
bernoulli,0.05,1.0,grid-2x2,5000,2,0.0004,0.00010970128207763504,0.0014573865014234437
bernoulli,0.05,1.0,per-packet-replication,5000,50,0.01,0.007593772813946567,0.013158575092209418
bernoulli,0.05,0.5,pairwise-xor,5000,74,0.0148,0.011806099315891447,0.01853887865159199
bernoulli,0.05,0.5,repeated-block-xor,5000,93,0.0186,0.015207890540775303,0.0227312528919257
bernoulli,0.1,1.0,grid-2x2,5000,28,0.0056,0.003877382638215079,0.008081721045057406
bernoulli,0.1,1.0,per-packet-replication,5000,203,0.0406,0.03547293459896256,0.046432429948155926
bernoulli,0.1,0.5,pairwise-xor,5000,273,0.0546,0.048637586499460476,0.061246282393196426
bernoulli,0.1,0.5,repeated-block-xor,5000,298,0.0596,0.05336981270225661,0.06650637917094972
bernoulli,0.2,1.0,grid-2x2,5000,193,0.0386,0.03360492613069616,0.04430350922420257
bernoulli,0.2,1.0,per-packet-replication,5000,747,0.1494,0.13978827921940884,0.15955003338446527
bernoulli,0.2,0.5,pairwise-xor,5000,962,0.1924,0.18171172236960345,0.2035605678669957
bernoulli,0.2,0.5,repeated-block-xor,5000,941,0.1882,0.17760666969398445,0.19927206923895321
gilbert-elliott,0.01,1.0,grid-2x2,5000,31,0.0062,0.0043713883985244135,0.008786794042414002
gilbert-elliott,0.01,1.0,per-packet-replication,5000,27,0.0054,0.003713941481738111,0.007845469282312398
gilbert-elliott,0.01,0.5,pairwise-xor,5000,53,0.0106,0.008113451615220025,0.013837975048601892
gilbert-elliott,0.01,0.5,repeated-block-xor,5000,53,0.0106,0.008113451615220025,0.013837975048601892
gilbert-elliott,0.05,1.0,grid-2x2,5000,201,0.0402,0.03509903825222041,0.046006940456454135
gilbert-elliott,0.05,1.0,per-packet-replication,5000,180,0.036,0.031182316090153147,0.04153011131485987
gilbert-elliott,0.05,0.5,pairwise-xor,5000,324,0.0648,0.058305114190252964,0.07196309358272475
gilbert-elliott,0.05,0.5,repeated-block-xor,5000,333,0.0666,0.06001647553764848,0.07384896850832705
gilbert-elliott,0.1,1.0,grid-2x2,5000,380,0.076,0.06897587602169662,0.08367513522771182
gilbert-elliott,0.1,1.0,per-packet-replication,5000,340,0.068,0.061348534154977034,0.07531476032555232
gilbert-elliott,0.1,0.5,pairwise-xor,5000,573,0.1146,0.10606502690790928,0.12372671775134075
gilbert-elliott,0.1,0.5,repeated-block-xor,5000,595,0.119,0.11031637850955725,0.12826861037257628
gilbert-elliott,0.2,1.0,grid-2x2,5000,810,0.162,0.15204735924652635,0.17247160726833233
gilbert-elliott,0.2,1.0,per-packet-replication,5000,751,0.1502,0.14056593842013781,0.16037114586062418
gilbert-elliott,0.2,0.5,pairwise-xor,5000,1188,0.2376,0.22600708613235537,0.24959580384841068
gilbert-elliott,0.2,0.5,repeated-block-xor,5000,1223,0.2446,0.23288442227716882,0.2567077198763664
